{
  "256": {
    "fused_time_ms": 1.781559200026095,
    "fused_tflops": 0.07533722595243206,
    "fa3_time_ms": 1.556800200160069,
    "fa3_tflops": 0.08621384297496869,
    "speedup_vs_fa3": 0.8738414082098794
  },
  "512": {
    "fused_time_ms": 5.163968799934082,
    "fused_tflops": 0.10396478615572835,
    "fa3_time_ms": 5.074972800139221,
    "fa3_tflops": 0.10578793880142019,
    "speedup_vs_fa3": 0.9827659687262252
  }
}