[33mWARNING: Running pip as the 'root' user can result in broken permissions and conflicting behaviour with the system package manager, possibly rendering your system unusable. It is recommended to use a virtual environment instead: https://pip.pypa.io/warnings/venv. Use the --root-user-action option if you know what you are doing and want to suppress this warning.[0m[33m
[0m{"stage": "case", "case": {"batch": 1, "m": 2, "n": 64, "hq": 16, "g": 8, "splits": 1, "d": 64, "dtype": "fp16", "mask": "append"}}
Detected CUDA files, patching ldflags
Emitting ninja build file /tmp/streamattn-audit-build/d64/streamattn_sm90_micro_semantics_8072852c244af88f/build.ninja...
Building extension module streamattn_sm90_micro_semantics_8072852c244af88f...
Allowing ninja to set a default number of workers... (overridable by setting the environment variable MAX_JOBS=N)
[1/3] c++ -MMD -MF main.o.d -DTORCH_EXTENSION_NAME=streamattn_sm90_micro_semantics_8072852c244af88f -DTORCH_API_INCLUDE_EXTENSION_H -DPYBIND11_COMPILER_TYPE=\"_gcc\" -DPYBIND11_STDLIB=\"_libstdcpp\" -DPYBIND11_BUILD_ABI=\"_cxxabi1016\" -I/tmp/flashmla-etap/csrc/cutlass/include -isystem /opt/conda/lib/python3.11/site-packages/torch/include -isystem /opt/conda/lib/python3.11/site-packages/torch/include/torch/csrc/api/include -isystem /usr/local/cuda/include -isystem /opt/conda/include/python3.11 -D_GLIBCXX_USE_CXX11_ABI=1 -fPIC -std=c++17 -O3 -std=c++17 -c /tmp/streamattn-audit-build/d64/streamattn_sm90_micro_semantics_8072852c244af88f/main.cpp -o main.o 
[2/3] /usr/local/cuda/bin/nvcc --generate-dependencies-with-compile --dependency-output cuda.cuda.o.d -DTORCH_EXTENSION_NAME=streamattn_sm90_micro_semantics_8072852c244af88f -DTORCH_API_INCLUDE_EXTENSION_H -DPYBIND11_COMPILER_TYPE=\"_gcc\" -DPYBIND11_STDLIB=\"_libstdcpp\" -DPYBIND11_BUILD_ABI=\"_cxxabi1016\" -I/tmp/flashmla-etap/csrc/cutlass/include -isystem /opt/conda/lib/python3.11/site-packages/torch/include -isystem /opt/conda/lib/python3.11/site-packages/torch/include/torch/csrc/api/include -isystem /usr/local/cuda/include -isystem /opt/conda/include/python3.11 -D_GLIBCXX_USE_CXX11_ABI=1 -D__CUDA_NO_HALF_OPERATORS__ -D__CUDA_NO_HALF_CONVERSIONS__ -D__CUDA_NO_BFLOAT16_CONVERSIONS__ -D__CUDA_NO_HALF2_OPERATORS__ --expt-relaxed-constexpr -gencode=arch=compute_90a,code=sm_90a --compiler-options '-fPIC' -O3 -std=c++17 --use_fast_math --expt-relaxed-constexpr --expt-extended-lambda --ptxas-options=-v,--warn-on-spills -lineinfo --keep --keep-dir=. -gencode=arch=compute_90a,code=sm_90a -c /tmp/streamattn-audit-build/d64/streamattn_sm90_micro_semantics_8072852c244af88f/cuda.cu -o cuda.cuda.o 
/tmp/streamattn-audit-build/d64/streamattn_sm90_micro_semantics_8072852c244af88f/cuda.cu(55): warning #177-D: variable "kPrefillRows" was declared but never referenced
  static constexpr int kPrefillRows =
                       ^

Remark: The warnings can be suppressed with "-diag-suppress <warning-number>"

ptxas info    : (C7519) warpgroup.arrive is injected in around line 5426 by compiler to allow use of registers in GMMA in function '_Z48streamattn_transposed_wgmma_exact_partial_kernelILi0ELb0ELb0ELb0ELb0EEvPKN7cutlass6half_tES3_S3_PfS4_iiiiPKiiiS6_S6_S6_S6_S6_S6_iPKlS8_'
ptxas info    : (C7519) warpgroup.arrive is injected in around line 5489 by compiler to allow use of registers in GMMA in function '_Z48streamattn_transposed_wgmma_exact_partial_kernelILi0ELb0ELb0ELb0ELb0EEvPKN7cutlass6half_tES3_S3_PfS4_iiiiPKiiiS6_S6_S6_S6_S6_S6_iPKlS8_'
ptxas info    : (C7519) warpgroup.arrive is injected in around line 5849 by compiler to allow use of registers in GMMA in function '_Z48streamattn_transposed_wgmma_exact_partial_kernelILi0ELb0ELb0ELb0ELb0EEvPKN7cutlass6half_tES3_S3_PfS4_iiiiPKiiiS6_S6_S6_S6_S6_S6_iPKlS8_'
ptxas info    : (C7519) warpgroup.arrive is injected in around line 5913 by compiler to allow use of registers in GMMA in function '_Z48streamattn_transposed_wgmma_exact_partial_kernelILi0ELb0ELb0ELb0ELb0EEvPKN7cutlass6half_tES3_S3_PfS4_iiiiPKiiiS6_S6_S6_S6_S6_S6_iPKlS8_'
ptxas info    : (C7519) warpgroup.arrive is injected in around line 5951 by compiler to allow use of registers in GMMA in function '_Z48streamattn_transposed_wgmma_exact_partial_kernelILi0ELb0ELb0ELb0ELb0EEvPKN7cutlass6half_tES3_S3_PfS4_iiiiPKiiiS6_S6_S6_S6_S6_S6_iPKlS8_'
ptxas info    : (C7520) Potential Performance Loss: wgmma.mma_async instructions are serialized due to program dependence on compiler-inserted WG.AR in divergent path in the function '_Z48streamattn_transposed_wgmma_exact_partial_kernelILi0ELb0ELb0ELb0ELb0EEvPKN7cutlass6half_tES3_S3_PfS4_iiiiPKiiiS6_S6_S6_S6_S6_S6_iPKlS8_'
ptxas info    : (C7519) warpgroup.arrive is injected in around line 1150 by compiler to allow use of registers in GMMA in function '_Z53streamattn_natural_wgmma_micro_prefill_partial_kernelPKN7cutlass6half_tES2_S2_PfS3_iiiiiiiPKlS5_'
ptxas info    : (C7519) warpgroup.arrive is injected in around line 1213 by compiler to allow use of registers in GMMA in function '_Z53streamattn_natural_wgmma_micro_prefill_partial_kernelPKN7cutlass6half_tES2_S2_PfS3_iiiiiiiPKlS5_'
ptxas info    : (C7519) warpgroup.arrive is injected in around line 1300 by compiler to allow use of registers in GMMA in function '_Z53streamattn_natural_wgmma_micro_prefill_partial_kernelPKN7cutlass6half_tES2_S2_PfS3_iiiiiiiPKlS5_'
ptxas info    : 13 bytes gmem
ptxas info    : Compiling entry function '_Z48streamattn_transposed_wgmma_exact_partial_kernelILi0ELb0ELb0ELb0ELb0EEvPKN7cutlass6half_tES3_S3_PfS4_iiiiPKiiiS6_S6_S6_S6_S6_S6_iPKlS8_' for 'sm_90a'
ptxas info    : Function properties for _Z48streamattn_transposed_wgmma_exact_partial_kernelILi0ELb0ELb0ELb0ELb0EEvPKN7cutlass6half_tES3_S3_PfS4_iiiiPKiiiS6_S6_S6_S6_S6_S6_iPKlS8_
    0 bytes stack frame, 0 bytes spill stores, 0 bytes spill loads
ptxas info    : Used 62 registers, used 1 barriers, 35072 bytes smem
ptxas info    : Compile time = 39.848 ms
ptxas info    : Compiling entry function '_Z51streamattn_transposed_wgmma_exact_merge_warp_kernelPKfS0_PN7cutlass6half_tEiii' for 'sm_90a'
ptxas info    : Function properties for _Z51streamattn_transposed_wgmma_exact_merge_warp_kernelPKfS0_PN7cutlass6half_tEiii
    0 bytes stack frame, 0 bytes spill stores, 0 bytes spill loads
ptxas info    : Used 66 registers, used 0 barriers, 2048 bytes smem
ptxas info    : Compile time = 38.113 ms
ptxas info    : Compiling entry function '_Z51streamattn_natural_wgmma_micro_prefill_merge_kernelPKfS0_PN7cutlass6half_tEiiiiii' for 'sm_90a'
ptxas info    : Function properties for _Z51streamattn_natural_wgmma_micro_prefill_merge_kernelPKfS0_PN7cutlass6half_tEiiiiii
    0 bytes stack frame, 0 bytes spill stores, 0 bytes spill loads
ptxas info    : Used 32 registers, used 1 barriers, 2176 bytes smem
ptxas info    : Compile time = 32.084 ms
ptxas info    : Compiling entry function '_Z53streamattn_natural_wgmma_micro_prefill_partial_kernelPKN7cutlass6half_tES2_S2_PfS3_iiiiiiiPKlS5_' for 'sm_90a'
ptxas info    : Function properties for _Z53streamattn_natural_wgmma_micro_prefill_partial_kernelPKN7cutlass6half_tES2_S2_PfS3_iiiiiiiPKlS5_
    0 bytes stack frame, 0 bytes spill stores, 0 bytes spill loads
ptxas info    : Used 103 registers, used 1 barriers
ptxas info    : Compile time = 78.642 ms
[3/3] c++ main.o cuda.cuda.o -shared -L/opt/conda/lib/python3.11/site-packages/torch/lib -lc10 -lc10_cuda -ltorch_cpu -ltorch_cuda -ltorch -ltorch_python -L/usr/local/cuda/lib64 -lcudart -o streamattn_sm90_micro_semantics_8072852c244af88f.so
Loading extension module streamattn_sm90_micro_semantics_8072852c244af88f...
{"stage": "checked", "case": {"batch": 1, "m": 2, "n": 64, "hq": 16, "g": 8, "splits": 1, "d": 64, "dtype": "fp16", "mask": "append"}, "passed": true}
{"stage": "case", "case": {"batch": 1, "m": 2, "n": 64, "hq": 16, "g": 8, "splits": 1, "d": 64, "dtype": "fp16", "mask": "permuted"}}
{"stage": "checked", "case": {"batch": 1, "m": 2, "n": 64, "hq": 16, "g": 8, "splits": 1, "d": 64, "dtype": "fp16", "mask": "permuted"}, "passed": true}
{"stage": "case", "case": {"batch": 1, "m": 2, "n": 64, "hq": 16, "g": 8, "splits": 1, "d": 64, "dtype": "fp16", "mask": "noncausal"}}
Detected CUDA files, patching ldflags
Emitting ninja build file /tmp/streamattn-audit-build/d64/streamattn_sm90_micro_semantics_e13ff57ff6aeacc2/build.ninja...
Building extension module streamattn_sm90_micro_semantics_e13ff57ff6aeacc2...
Allowing ninja to set a default number of workers... (overridable by setting the environment variable MAX_JOBS=N)
[1/3] c++ -MMD -MF main.o.d -DTORCH_EXTENSION_NAME=streamattn_sm90_micro_semantics_e13ff57ff6aeacc2 -DTORCH_API_INCLUDE_EXTENSION_H -DPYBIND11_COMPILER_TYPE=\"_gcc\" -DPYBIND11_STDLIB=\"_libstdcpp\" -DPYBIND11_BUILD_ABI=\"_cxxabi1016\" -I/tmp/flashmla-etap/csrc/cutlass/include -isystem /opt/conda/lib/python3.11/site-packages/torch/include -isystem /opt/conda/lib/python3.11/site-packages/torch/include/torch/csrc/api/include -isystem /usr/local/cuda/include -isystem /opt/conda/include/python3.11 -D_GLIBCXX_USE_CXX11_ABI=1 -fPIC -std=c++17 -O3 -std=c++17 -c /tmp/streamattn-audit-build/d64/streamattn_sm90_micro_semantics_e13ff57ff6aeacc2/main.cpp -o main.o 
[2/3] /usr/local/cuda/bin/nvcc --generate-dependencies-with-compile --dependency-output cuda.cuda.o.d -DTORCH_EXTENSION_NAME=streamattn_sm90_micro_semantics_e13ff57ff6aeacc2 -DTORCH_API_INCLUDE_EXTENSION_H -DPYBIND11_COMPILER_TYPE=\"_gcc\" -DPYBIND11_STDLIB=\"_libstdcpp\" -DPYBIND11_BUILD_ABI=\"_cxxabi1016\" -I/tmp/flashmla-etap/csrc/cutlass/include -isystem /opt/conda/lib/python3.11/site-packages/torch/include -isystem /opt/conda/lib/python3.11/site-packages/torch/include/torch/csrc/api/include -isystem /usr/local/cuda/include -isystem /opt/conda/include/python3.11 -D_GLIBCXX_USE_CXX11_ABI=1 -D__CUDA_NO_HALF_OPERATORS__ -D__CUDA_NO_HALF_CONVERSIONS__ -D__CUDA_NO_BFLOAT16_CONVERSIONS__ -D__CUDA_NO_HALF2_OPERATORS__ --expt-relaxed-constexpr -gencode=arch=compute_90a,code=sm_90a --compiler-options '-fPIC' -O3 -std=c++17 --use_fast_math --expt-relaxed-constexpr --expt-extended-lambda --ptxas-options=-v,--warn-on-spills -lineinfo --keep --keep-dir=. -gencode=arch=compute_90a,code=sm_90a -c /tmp/streamattn-audit-build/d64/streamattn_sm90_micro_semantics_e13ff57ff6aeacc2/cuda.cu -o cuda.cuda.o 
/tmp/streamattn-audit-build/d64/streamattn_sm90_micro_semantics_e13ff57ff6aeacc2/cuda.cu(55): warning #177-D: variable "kPrefillRows" was declared but never referenced
  static constexpr int kPrefillRows =
                       ^

Remark: The warnings can be suppressed with "-diag-suppress <warning-number>"

ptxas info    : (C7519) warpgroup.arrive is injected in around line 4848 by compiler to allow use of registers in GMMA in function '_Z48streamattn_transposed_wgmma_exact_partial_kernelILi0ELb0ELb0ELb0ELb0EEvPKN7cutlass6half_tES3_S3_PfS4_iiiiPKiiiS6_S6_S6_S6_S6_S6_iPKlS8_'
ptxas info    : (C7519) warpgroup.arrive is injected in around line 4911 by compiler to allow use of registers in GMMA in function '_Z48streamattn_transposed_wgmma_exact_partial_kernelILi0ELb0ELb0ELb0ELb0EEvPKN7cutlass6half_tES3_S3_PfS4_iiiiPKiiiS6_S6_S6_S6_S6_S6_iPKlS8_'
ptxas info    : (C7519) warpgroup.arrive is injected in around line 5241 by compiler to allow use of registers in GMMA in function '_Z48streamattn_transposed_wgmma_exact_partial_kernelILi0ELb0ELb0ELb0ELb0EEvPKN7cutlass6half_tES3_S3_PfS4_iiiiPKiiiS6_S6_S6_S6_S6_S6_iPKlS8_'
ptxas info    : (C7519) warpgroup.arrive is injected in around line 5305 by compiler to allow use of registers in GMMA in function '_Z48streamattn_transposed_wgmma_exact_partial_kernelILi0ELb0ELb0ELb0ELb0EEvPKN7cutlass6half_tES3_S3_PfS4_iiiiPKiiiS6_S6_S6_S6_S6_S6_iPKlS8_'
ptxas info    : (C7519) warpgroup.arrive is injected in around line 5343 by compiler to allow use of registers in GMMA in function '_Z48streamattn_transposed_wgmma_exact_partial_kernelILi0ELb0ELb0ELb0ELb0EEvPKN7cutlass6half_tES3_S3_PfS4_iiiiPKiiiS6_S6_S6_S6_S6_S6_iPKlS8_'
ptxas info    : (C7520) Potential Performance Loss: wgmma.mma_async instructions are serialized due to program dependence on compiler-inserted WG.AR in divergent path in the function '_Z48streamattn_transposed_wgmma_exact_partial_kernelILi0ELb0ELb0ELb0ELb0EEvPKN7cutlass6half_tES3_S3_PfS4_iiiiPKiiiS6_S6_S6_S6_S6_S6_iPKlS8_'
ptxas info    : (C7519) warpgroup.arrive is injected in around line 1140 by compiler to allow use of registers in GMMA in function '_Z53streamattn_natural_wgmma_micro_prefill_partial_kernelPKN7cutlass6half_tES2_S2_PfS3_iiiiiiiPKlS5_'
ptxas info    : (C7519) warpgroup.arrive is injected in around line 1203 by compiler to allow use of registers in GMMA in function '_Z53streamattn_natural_wgmma_micro_prefill_partial_kernelPKN7cutlass6half_tES2_S2_PfS3_iiiiiiiPKlS5_'
ptxas info    : (C7519) warpgroup.arrive is injected in around line 1287 by compiler to allow use of registers in GMMA in function '_Z53streamattn_natural_wgmma_micro_prefill_partial_kernelPKN7cutlass6half_tES2_S2_PfS3_iiiiiiiPKlS5_'
ptxas info    : 13 bytes gmem
ptxas info    : Compiling entry function '_Z48streamattn_transposed_wgmma_exact_partial_kernelILi0ELb0ELb0ELb0ELb0EEvPKN7cutlass6half_tES3_S3_PfS4_iiiiPKiiiS6_S6_S6_S6_S6_S6_iPKlS8_' for 'sm_90a'
ptxas info    : Function properties for _Z48streamattn_transposed_wgmma_exact_partial_kernelILi0ELb0ELb0ELb0ELb0EEvPKN7cutlass6half_tES3_S3_PfS4_iiiiPKiiiS6_S6_S6_S6_S6_S6_iPKlS8_
    0 bytes stack frame, 0 bytes spill stores, 0 bytes spill loads
ptxas info    : Used 52 registers, used 1 barriers, 35072 bytes smem
ptxas info    : Compile time = 34.094 ms
ptxas info    : Compiling entry function '_Z51streamattn_transposed_wgmma_exact_merge_warp_kernelPKfS0_PN7cutlass6half_tEiii' for 'sm_90a'
ptxas info    : Function properties for _Z51streamattn_transposed_wgmma_exact_merge_warp_kernelPKfS0_PN7cutlass6half_tEiii
    0 bytes stack frame, 0 bytes spill stores, 0 bytes spill loads
ptxas info    : Used 66 registers, used 0 barriers, 2048 bytes smem
ptxas info    : Compile time = 37.635 ms
ptxas info    : Compiling entry function '_Z51streamattn_natural_wgmma_micro_prefill_merge_kernelPKfS0_PN7cutlass6half_tEiiiiii' for 'sm_90a'
ptxas info    : Function properties for _Z51streamattn_natural_wgmma_micro_prefill_merge_kernelPKfS0_PN7cutlass6half_tEiiiiii
    0 bytes stack frame, 0 bytes spill stores, 0 bytes spill loads
ptxas info    : Used 32 registers, used 1 barriers, 2176 bytes smem
ptxas info    : Compile time = 31.457 ms
ptxas info    : Compiling entry function '_Z53streamattn_natural_wgmma_micro_prefill_partial_kernelPKN7cutlass6half_tES2_S2_PfS3_iiiiiiiPKlS5_' for 'sm_90a'
ptxas info    : Function properties for _Z53streamattn_natural_wgmma_micro_prefill_partial_kernelPKN7cutlass6half_tES2_S2_PfS3_iiiiiiiPKlS5_
    0 bytes stack frame, 0 bytes spill stores, 0 bytes spill loads
ptxas info    : Used 98 registers, used 1 barriers
ptxas info    : Compile time = 64.685 ms
[3/3] c++ main.o cuda.cuda.o -shared -L/opt/conda/lib/python3.11/site-packages/torch/lib -lc10 -lc10_cuda -ltorch_cpu -ltorch_cuda -ltorch -ltorch_python -L/usr/local/cuda/lib64 -lcudart -o streamattn_sm90_micro_semantics_e13ff57ff6aeacc2.so
Loading extension module streamattn_sm90_micro_semantics_e13ff57ff6aeacc2...
{"stage": "checked", "case": {"batch": 1, "m": 2, "n": 64, "hq": 16, "g": 8, "splits": 1, "d": 64, "dtype": "fp16", "mask": "noncausal"}, "passed": true}
{"stage": "case", "case": {"batch": 2, "m": 3, "n": 320, "hq": 32, "g": 4, "splits": 4, "d": 64, "dtype": "fp16", "mask": "append"}}
{"stage": "checked", "case": {"batch": 2, "m": 3, "n": 320, "hq": 32, "g": 4, "splits": 4, "d": 64, "dtype": "fp16", "mask": "append"}, "passed": true}
{"stage": "case", "case": {"batch": 2, "m": 3, "n": 320, "hq": 32, "g": 4, "splits": 4, "d": 64, "dtype": "fp16", "mask": "permuted"}}
{"stage": "checked", "case": {"batch": 2, "m": 3, "n": 320, "hq": 32, "g": 4, "splits": 4, "d": 64, "dtype": "fp16", "mask": "permuted"}, "passed": true}
{"stage": "case", "case": {"batch": 2, "m": 3, "n": 320, "hq": 32, "g": 4, "splits": 4, "d": 64, "dtype": "fp16", "mask": "noncausal"}}
{"stage": "checked", "case": {"batch": 2, "m": 3, "n": 320, "hq": 32, "g": 4, "splits": 4, "d": 64, "dtype": "fp16", "mask": "noncausal"}, "passed": true}
{"stage": "case", "case": {"batch": 1, "m": 17, "n": 448, "hq": 16, "g": 8, "splits": 6, "d": 64, "dtype": "fp16", "mask": "append"}}
{"stage": "checked", "case": {"batch": 1, "m": 17, "n": 448, "hq": 16, "g": 8, "splits": 6, "d": 64, "dtype": "fp16", "mask": "append"}, "passed": true}
{"stage": "case", "case": {"batch": 1, "m": 17, "n": 448, "hq": 16, "g": 8, "splits": 6, "d": 64, "dtype": "fp16", "mask": "permuted"}}
{"stage": "checked", "case": {"batch": 1, "m": 17, "n": 448, "hq": 16, "g": 8, "splits": 6, "d": 64, "dtype": "fp16", "mask": "permuted"}, "passed": true}
{"stage": "case", "case": {"batch": 1, "m": 17, "n": 448, "hq": 16, "g": 8, "splits": 6, "d": 64, "dtype": "fp16", "mask": "noncausal"}}
{"stage": "checked", "case": {"batch": 1, "m": 17, "n": 448, "hq": 16, "g": 8, "splits": 6, "d": 64, "dtype": "fp16", "mask": "noncausal"}, "passed": true}
{"stage": "case", "case": {"batch": 2, "m": 9, "n": 320, "hq": 16, "g": 4, "splits": 5, "d": 64, "dtype": "fp16", "mask": "append"}}
{"stage": "checked", "case": {"batch": 2, "m": 9, "n": 320, "hq": 16, "g": 4, "splits": 5, "d": 64, "dtype": "fp16", "mask": "append"}, "passed": true}
{"stage": "case", "case": {"batch": 2, "m": 9, "n": 320, "hq": 16, "g": 4, "splits": 5, "d": 64, "dtype": "fp16", "mask": "permuted"}}
{"stage": "checked", "case": {"batch": 2, "m": 9, "n": 320, "hq": 16, "g": 4, "splits": 5, "d": 64, "dtype": "fp16", "mask": "permuted"}, "passed": true}
{"stage": "case", "case": {"batch": 2, "m": 9, "n": 320, "hq": 16, "g": 4, "splits": 5, "d": 64, "dtype": "fp16", "mask": "noncausal"}}
{"stage": "checked", "case": {"batch": 2, "m": 9, "n": 320, "hq": 16, "g": 4, "splits": 5, "d": 64, "dtype": "fp16", "mask": "noncausal"}, "passed": true}
{"stage": "case", "case": {"batch": 1, "m": 32, "n": 4096, "hq": 16, "g": 8, "splits": 24, "d": 64, "dtype": "fp16", "mask": "append"}}
{"stage": "checked", "case": {"batch": 1, "m": 32, "n": 4096, "hq": 16, "g": 8, "splits": 24, "d": 64, "dtype": "fp16", "mask": "append"}, "passed": true}
{"stage": "case", "case": {"batch": 1, "m": 32, "n": 4096, "hq": 16, "g": 8, "splits": 24, "d": 64, "dtype": "fp16", "mask": "permuted"}}
{"stage": "checked", "case": {"batch": 1, "m": 32, "n": 4096, "hq": 16, "g": 8, "splits": 24, "d": 64, "dtype": "fp16", "mask": "permuted"}, "passed": true}
{"stage": "case", "case": {"batch": 1, "m": 32, "n": 4096, "hq": 16, "g": 8, "splits": 24, "d": 64, "dtype": "fp16", "mask": "noncausal"}}
{"stage": "checked", "case": {"batch": 1, "m": 32, "n": 4096, "hq": 16, "g": 8, "splits": 24, "d": 64, "dtype": "fp16", "mask": "noncausal"}, "passed": true}
{"stage": "case", "case": {"batch": 1, "m": 64, "n": 4096, "hq": 16, "g": 8, "splits": 16, "d": 64, "dtype": "fp16", "mask": "append"}}
{"stage": "checked", "case": {"batch": 1, "m": 64, "n": 4096, "hq": 16, "g": 8, "splits": 16, "d": 64, "dtype": "fp16", "mask": "append"}, "passed": true}
{"stage": "case", "case": {"batch": 1, "m": 64, "n": 4096, "hq": 16, "g": 8, "splits": 16, "d": 64, "dtype": "fp16", "mask": "permuted"}}
{"stage": "checked", "case": {"batch": 1, "m": 64, "n": 4096, "hq": 16, "g": 8, "splits": 16, "d": 64, "dtype": "fp16", "mask": "permuted"}, "passed": true}
{"stage": "case", "case": {"batch": 1, "m": 64, "n": 4096, "hq": 16, "g": 8, "splits": 16, "d": 64, "dtype": "fp16", "mask": "noncausal"}}
{"stage": "checked", "case": {"batch": 1, "m": 64, "n": 4096, "hq": 16, "g": 8, "splits": 16, "d": 64, "dtype": "fp16", "mask": "noncausal"}, "passed": true}
{"stage": "case", "case": {"batch": 2, "m": 8, "n": 16384, "hq": 32, "g": 4, "splits": 32, "d": 64, "dtype": "fp16", "mask": "append"}}
{"stage": "checked", "case": {"batch": 2, "m": 8, "n": 16384, "hq": 32, "g": 4, "splits": 32, "d": 64, "dtype": "fp16", "mask": "append"}, "passed": true}
{"stage": "case", "case": {"batch": 2, "m": 8, "n": 16384, "hq": 32, "g": 4, "splits": 32, "d": 64, "dtype": "fp16", "mask": "permuted"}}
{"stage": "checked", "case": {"batch": 2, "m": 8, "n": 16384, "hq": 32, "g": 4, "splits": 32, "d": 64, "dtype": "fp16", "mask": "permuted"}, "passed": true}
{"stage": "case", "case": {"batch": 2, "m": 8, "n": 16384, "hq": 32, "g": 4, "splits": 32, "d": 64, "dtype": "fp16", "mask": "noncausal"}}
{"stage": "checked", "case": {"batch": 2, "m": 8, "n": 16384, "hq": 32, "g": 4, "splits": 32, "d": 64, "dtype": "fp16", "mask": "noncausal"}, "passed": true}
{"stage": "case", "case": {"batch": 1, "m": 2, "n": 64, "hq": 16, "g": 8, "splits": 1, "d": 64, "dtype": "bf16", "mask": "append"}}
Detected CUDA files, patching ldflags
Emitting ninja build file /tmp/streamattn-audit-build/d64/streamattn_sm90_micro_semantics_68a911f75e0afc1d/build.ninja...
Building extension module streamattn_sm90_micro_semantics_68a911f75e0afc1d...
Allowing ninja to set a default number of workers... (overridable by setting the environment variable MAX_JOBS=N)
[1/3] c++ -MMD -MF main.o.d -DTORCH_EXTENSION_NAME=streamattn_sm90_micro_semantics_68a911f75e0afc1d -DTORCH_API_INCLUDE_EXTENSION_H -DPYBIND11_COMPILER_TYPE=\"_gcc\" -DPYBIND11_STDLIB=\"_libstdcpp\" -DPYBIND11_BUILD_ABI=\"_cxxabi1016\" -I/tmp/flashmla-etap/csrc/cutlass/include -isystem /opt/conda/lib/python3.11/site-packages/torch/include -isystem /opt/conda/lib/python3.11/site-packages/torch/include/torch/csrc/api/include -isystem /usr/local/cuda/include -isystem /opt/conda/include/python3.11 -D_GLIBCXX_USE_CXX11_ABI=1 -fPIC -std=c++17 -O3 -std=c++17 -c /tmp/streamattn-audit-build/d64/streamattn_sm90_micro_semantics_68a911f75e0afc1d/main.cpp -o main.o 
[2/3] /usr/local/cuda/bin/nvcc --generate-dependencies-with-compile --dependency-output cuda.cuda.o.d -DTORCH_EXTENSION_NAME=streamattn_sm90_micro_semantics_68a911f75e0afc1d -DTORCH_API_INCLUDE_EXTENSION_H -DPYBIND11_COMPILER_TYPE=\"_gcc\" -DPYBIND11_STDLIB=\"_libstdcpp\" -DPYBIND11_BUILD_ABI=\"_cxxabi1016\" -I/tmp/flashmla-etap/csrc/cutlass/include -isystem /opt/conda/lib/python3.11/site-packages/torch/include -isystem /opt/conda/lib/python3.11/site-packages/torch/include/torch/csrc/api/include -isystem /usr/local/cuda/include -isystem /opt/conda/include/python3.11 -D_GLIBCXX_USE_CXX11_ABI=1 -D__CUDA_NO_HALF_OPERATORS__ -D__CUDA_NO_HALF_CONVERSIONS__ -D__CUDA_NO_BFLOAT16_CONVERSIONS__ -D__CUDA_NO_HALF2_OPERATORS__ --expt-relaxed-constexpr -gencode=arch=compute_90a,code=sm_90a --compiler-options '-fPIC' -O3 -std=c++17 --use_fast_math --expt-relaxed-constexpr --expt-extended-lambda --ptxas-options=-v,--warn-on-spills -lineinfo --keep --keep-dir=. -gencode=arch=compute_90a,code=sm_90a -c /tmp/streamattn-audit-build/d64/streamattn_sm90_micro_semantics_68a911f75e0afc1d/cuda.cu -o cuda.cuda.o 
/tmp/streamattn-audit-build/d64/streamattn_sm90_micro_semantics_68a911f75e0afc1d/cuda.cu(55): warning #177-D: variable "kPrefillRows" was declared but never referenced
  static constexpr int kPrefillRows =
                       ^

Remark: The warnings can be suppressed with "-diag-suppress <warning-number>"

ptxas info    : (C7519) warpgroup.arrive is injected in around line 5240 by compiler to allow use of registers in GMMA in function '_Z48streamattn_transposed_wgmma_exact_partial_kernelILi0ELb0ELb0ELb0ELb0EEvPKN7cutlass10bfloat16_tES3_S3_PfS4_iiiiPKiiiS6_S6_S6_S6_S6_S6_iPKlS8_'
ptxas info    : (C7519) warpgroup.arrive is injected in around line 5303 by compiler to allow use of registers in GMMA in function '_Z48streamattn_transposed_wgmma_exact_partial_kernelILi0ELb0ELb0ELb0ELb0EEvPKN7cutlass10bfloat16_tES3_S3_PfS4_iiiiPKiiiS6_S6_S6_S6_S6_S6_iPKlS8_'
ptxas info    : (C7519) warpgroup.arrive is injected in around line 5660 by compiler to allow use of registers in GMMA in function '_Z48streamattn_transposed_wgmma_exact_partial_kernelILi0ELb0ELb0ELb0ELb0EEvPKN7cutlass10bfloat16_tES3_S3_PfS4_iiiiPKiiiS6_S6_S6_S6_S6_S6_iPKlS8_'
ptxas info    : (C7519) warpgroup.arrive is injected in around line 5724 by compiler to allow use of registers in GMMA in function '_Z48streamattn_transposed_wgmma_exact_partial_kernelILi0ELb0ELb0ELb0ELb0EEvPKN7cutlass10bfloat16_tES3_S3_PfS4_iiiiPKiiiS6_S6_S6_S6_S6_S6_iPKlS8_'
ptxas info    : (C7519) warpgroup.arrive is injected in around line 5762 by compiler to allow use of registers in GMMA in function '_Z48streamattn_transposed_wgmma_exact_partial_kernelILi0ELb0ELb0ELb0ELb0EEvPKN7cutlass10bfloat16_tES3_S3_PfS4_iiiiPKiiiS6_S6_S6_S6_S6_S6_iPKlS8_'
ptxas info    : (C7520) Potential Performance Loss: wgmma.mma_async instructions are serialized due to program dependence on compiler-inserted WG.AR in divergent path in the function '_Z48streamattn_transposed_wgmma_exact_partial_kernelILi0ELb0ELb0ELb0ELb0EEvPKN7cutlass10bfloat16_tES3_S3_PfS4_iiiiPKiiiS6_S6_S6_S6_S6_S6_iPKlS8_'
ptxas info    : (C7519) warpgroup.arrive is injected in around line 975 by compiler to allow use of registers in GMMA in function '_Z53streamattn_natural_wgmma_micro_prefill_partial_kernelPKN7cutlass10bfloat16_tES2_S2_PfS3_iiiiiiiPKlS5_'
ptxas info    : (C7519) warpgroup.arrive is injected in around line 1038 by compiler to allow use of registers in GMMA in function '_Z53streamattn_natural_wgmma_micro_prefill_partial_kernelPKN7cutlass10bfloat16_tES2_S2_PfS3_iiiiiiiPKlS5_'
ptxas info    : (C7519) warpgroup.arrive is injected in around line 1125 by compiler to allow use of registers in GMMA in function '_Z53streamattn_natural_wgmma_micro_prefill_partial_kernelPKN7cutlass10bfloat16_tES2_S2_PfS3_iiiiiiiPKlS5_'
ptxas info    : 13 bytes gmem
ptxas info    : Compiling entry function '_Z48streamattn_transposed_wgmma_exact_partial_kernelILi0ELb0ELb0ELb0ELb0EEvPKN7cutlass10bfloat16_tES3_S3_PfS4_iiiiPKiiiS6_S6_S6_S6_S6_S6_iPKlS8_' for 'sm_90a'
ptxas info    : Function properties for _Z48streamattn_transposed_wgmma_exact_partial_kernelILi0ELb0ELb0ELb0ELb0EEvPKN7cutlass10bfloat16_tES3_S3_PfS4_iiiiPKiiiS6_S6_S6_S6_S6_S6_iPKlS8_
    0 bytes stack frame, 0 bytes spill stores, 0 bytes spill loads
ptxas info    : Used 62 registers, used 1 barriers, 35072 bytes smem
ptxas info    : Compile time = 38.173 ms
ptxas info    : Compiling entry function '_Z51streamattn_transposed_wgmma_exact_merge_warp_kernelPKfS0_PN7cutlass10bfloat16_tEiii' for 'sm_90a'
ptxas info    : Function properties for _Z51streamattn_transposed_wgmma_exact_merge_warp_kernelPKfS0_PN7cutlass10bfloat16_tEiii
    0 bytes stack frame, 0 bytes spill stores, 0 bytes spill loads
ptxas info    : Used 66 registers, used 0 barriers, 2048 bytes smem
ptxas info    : Compile time = 38.828 ms
ptxas info    : Compiling entry function '_Z51streamattn_natural_wgmma_micro_prefill_merge_kernelPKfS0_PN7cutlass10bfloat16_tEiiiiii' for 'sm_90a'
ptxas info    : Function properties for _Z51streamattn_natural_wgmma_micro_prefill_merge_kernelPKfS0_PN7cutlass10bfloat16_tEiiiiii
    0 bytes stack frame, 0 bytes spill stores, 0 bytes spill loads
ptxas info    : Used 32 registers, used 1 barriers, 2176 bytes smem
ptxas info    : Compile time = 30.950 ms
ptxas info    : Compiling entry function '_Z53streamattn_natural_wgmma_micro_prefill_partial_kernelPKN7cutlass10bfloat16_tES2_S2_PfS3_iiiiiiiPKlS5_' for 'sm_90a'
ptxas info    : Function properties for _Z53streamattn_natural_wgmma_micro_prefill_partial_kernelPKN7cutlass10bfloat16_tES2_S2_PfS3_iiiiiiiPKlS5_
    0 bytes stack frame, 0 bytes spill stores, 0 bytes spill loads
ptxas info    : Used 103 registers, used 1 barriers
ptxas info    : Compile time = 71.351 ms
[3/3] c++ main.o cuda.cuda.o -shared -L/opt/conda/lib/python3.11/site-packages/torch/lib -lc10 -lc10_cuda -ltorch_cpu -ltorch_cuda -ltorch -ltorch_python -L/usr/local/cuda/lib64 -lcudart -o streamattn_sm90_micro_semantics_68a911f75e0afc1d.so
Loading extension module streamattn_sm90_micro_semantics_68a911f75e0afc1d...
{"stage": "checked", "case": {"batch": 1, "m": 2, "n": 64, "hq": 16, "g": 8, "splits": 1, "d": 64, "dtype": "bf16", "mask": "append"}, "passed": true}
{"stage": "case", "case": {"batch": 1, "m": 2, "n": 64, "hq": 16, "g": 8, "splits": 1, "d": 64, "dtype": "bf16", "mask": "permuted"}}
{"stage": "checked", "case": {"batch": 1, "m": 2, "n": 64, "hq": 16, "g": 8, "splits": 1, "d": 64, "dtype": "bf16", "mask": "permuted"}, "passed": true}
{"stage": "case", "case": {"batch": 1, "m": 2, "n": 64, "hq": 16, "g": 8, "splits": 1, "d": 64, "dtype": "bf16", "mask": "noncausal"}}
Detected CUDA files, patching ldflags
Emitting ninja build file /tmp/streamattn-audit-build/d64/build.ninja...
Building extension module streamattn_sm90_exact_c6fe405b3707...
Allowing ninja to set a default number of workers... (overridable by setting the environment variable MAX_JOBS=N)
[1/3] c++ -MMD -MF main.o.d -DTORCH_EXTENSION_NAME=streamattn_sm90_exact_c6fe405b3707 -DTORCH_API_INCLUDE_EXTENSION_H -DPYBIND11_COMPILER_TYPE=\"_gcc\" -DPYBIND11_STDLIB=\"_libstdcpp\" -DPYBIND11_BUILD_ABI=\"_cxxabi1016\" -I/tmp/flashmla-etap/csrc/cutlass/include -isystem /opt/conda/lib/python3.11/site-packages/torch/include -isystem /opt/conda/lib/python3.11/site-packages/torch/include/torch/csrc/api/include -isystem /usr/local/cuda/include -isystem /opt/conda/include/python3.11 -D_GLIBCXX_USE_CXX11_ABI=1 -fPIC -std=c++17 -O3 -std=c++17 -c /tmp/streamattn-audit-build/d64/main.cpp -o main.o 
[2/3] /usr/local/cuda/bin/nvcc --generate-dependencies-with-compile --dependency-output cuda.cuda.o.d -DTORCH_EXTENSION_NAME=streamattn_sm90_exact_c6fe405b3707 -DTORCH_API_INCLUDE_EXTENSION_H -DPYBIND11_COMPILER_TYPE=\"_gcc\" -DPYBIND11_STDLIB=\"_libstdcpp\" -DPYBIND11_BUILD_ABI=\"_cxxabi1016\" -I/tmp/flashmla-etap/csrc/cutlass/include -isystem /opt/conda/lib/python3.11/site-packages/torch/include -isystem /opt/conda/lib/python3.11/site-packages/torch/include/torch/csrc/api/include -isystem /usr/local/cuda/include -isystem /opt/conda/include/python3.11 -D_GLIBCXX_USE_CXX11_ABI=1 -D__CUDA_NO_HALF_OPERATORS__ -D__CUDA_NO_HALF_CONVERSIONS__ -D__CUDA_NO_BFLOAT16_CONVERSIONS__ -D__CUDA_NO_HALF2_OPERATORS__ --expt-relaxed-constexpr -gencode=arch=compute_90a,code=sm_90a --compiler-options '-fPIC' -O3 -std=c++17 --use_fast_math --expt-relaxed-constexpr --expt-extended-lambda -gencode=arch=compute_90a,code=sm_90a -c /tmp/streamattn-audit-build/d64/cuda.cu -o cuda.cuda.o 
/tmp/streamattn-audit-build/d64/cuda.cu(2086): warning #128-D: loop is not reachable
      for (int idx = threadIdx.x; idx < kBlockN * kHeadDim; idx += blockDim.x) {
      ^
          detected during:
            instantiation of "void streamattn_transposed_wgmma_exact_partial_kernel(const Element *, const Element *, const Element *, Accum *, Accum *, int, int, int, int, const int *, int, int, const int *, const int *, const int *, const int *, const int *, const int *, int) [with kPagedPageSize=16, kVariableLength=false, kNHD=false, kSelectedPaged=true, kSelectedRowLocal=true]" at line 4623
            instantiation of "void streamattn_transposed_wgmma_paged_dynamic_qhead_fragmented_impl<kNHD>(at::Tensor, at::Tensor, at::Tensor, at::Tensor, at::Tensor, at::Tensor, at::Tensor, at::Tensor, at::Tensor, at::Tensor, at::Tensor, at::Tensor, at::Tensor, at::Tensor, at::Tensor, at::Tensor, at::Tensor, at::Tensor, int64_t) [with kNHD=false]" at line 4657

Remark: The warnings can be suppressed with "-diag-suppress <warning-number>"

/tmp/streamattn-audit-build/d64/cuda.cu(2086): warning #128-D: loop is not reachable
      for (int idx = threadIdx.x; idx < kBlockN * kHeadDim; idx += blockDim.x) {
      ^
          detected during:
            instantiation of "void streamattn_transposed_wgmma_exact_partial_kernel(const Element *, const Element *, const Element *, Accum *, Accum *, int, int, int, int, const int *, int, int, const int *, const int *, const int *, const int *, const int *, const int *, int) [with kPagedPageSize=16, kVariableLength=false, kNHD=true, kSelectedPaged=true, kSelectedRowLocal=true]" at line 4623
            instantiation of "void streamattn_transposed_wgmma_paged_dynamic_qhead_fragmented_impl<kNHD>(at::Tensor, at::Tensor, at::Tensor, at::Tensor, at::Tensor, at::Tensor, at::Tensor, at::Tensor, at::Tensor, at::Tensor, at::Tensor, at::Tensor, at::Tensor, at::Tensor, at::Tensor, at::Tensor, at::Tensor, at::Tensor, int64_t) [with kNHD=true]" at line 4685

ptxas info    : (C7519) warpgroup.arrive is injected in around line 27474 by compiler to allow use of registers in GMMA in function '_Z48streamattn_transposed_wgmma_exact_partial_kernelILi16ELb1ELb1ELb0ELb0EEvPKN7cutlass10bfloat16_tES3_S3_PfS4_iiiiPKiiiS6_S6_S6_S6_S6_S6_i'
ptxas info    : (C7519) warpgroup.arrive is injected in around line 27525 by compiler to allow use of registers in GMMA in function '_Z48streamattn_transposed_wgmma_exact_partial_kernelILi16ELb1ELb1ELb0ELb0EEvPKN7cutlass10bfloat16_tES3_S3_PfS4_iiiiPKiiiS6_S6_S6_S6_S6_S6_i'
ptxas info    : (C7519) warpgroup.arrive is injected in around line 27782 by compiler to allow use of registers in GMMA in function '_Z48streamattn_transposed_wgmma_exact_partial_kernelILi16ELb1ELb1ELb0ELb0EEvPKN7cutlass10bfloat16_tES3_S3_PfS4_iiiiPKiiiS6_S6_S6_S6_S6_S6_i'
ptxas info    : (C7519) warpgroup.arrive is injected in around line 27834 by compiler to allow use of registers in GMMA in function '_Z48streamattn_transposed_wgmma_exact_partial_kernelILi16ELb1ELb1ELb0ELb0EEvPKN7cutlass10bfloat16_tES3_S3_PfS4_iiiiPKiiiS6_S6_S6_S6_S6_S6_i'
ptxas info    : (C7519) warpgroup.arrive is injected in around line 27871 by compiler to allow use of registers in GMMA in function '_Z48streamattn_transposed_wgmma_exact_partial_kernelILi16ELb1ELb1ELb0ELb0EEvPKN7cutlass10bfloat16_tES3_S3_PfS4_iiiiPKiiiS6_S6_S6_S6_S6_S6_i'
ptxas info    : (C7520) Potential Performance Loss: wgmma.mma_async instructions are serialized due to program dependence on compiler-inserted WG.AR in divergent path in the function '_Z48streamattn_transposed_wgmma_exact_partial_kernelILi16ELb1ELb1ELb0ELb0EEvPKN7cutlass10bfloat16_tES3_S3_PfS4_iiiiPKiiiS6_S6_S6_S6_S6_S6_i'
ptxas info    : (C7519) warpgroup.arrive is injected in around line 26191 by compiler to allow use of registers in GMMA in function '_Z48streamattn_transposed_wgmma_exact_partial_kernelILi16ELb0ELb1ELb0ELb0EEvPKN7cutlass10bfloat16_tES3_S3_PfS4_iiiiPKiiiS6_S6_S6_S6_S6_S6_i'
ptxas info    : (C7519) warpgroup.arrive is injected in around line 26242 by compiler to allow use of registers in GMMA in function '_Z48streamattn_transposed_wgmma_exact_partial_kernelILi16ELb0ELb1ELb0ELb0EEvPKN7cutlass10bfloat16_tES3_S3_PfS4_iiiiPKiiiS6_S6_S6_S6_S6_S6_i'
ptxas info    : (C7519) warpgroup.arrive is injected in around line 26488 by compiler to allow use of registers in GMMA in function '_Z48streamattn_transposed_wgmma_exact_partial_kernelILi16ELb0ELb1ELb0ELb0EEvPKN7cutlass10bfloat16_tES3_S3_PfS4_iiiiPKiiiS6_S6_S6_S6_S6_S6_i'
ptxas info    : (C7519) warpgroup.arrive is injected in around line 26540 by compiler to allow use of registers in GMMA in function '_Z48streamattn_transposed_wgmma_exact_partial_kernelILi16ELb0ELb1ELb0ELb0EEvPKN7cutlass10bfloat16_tES3_S3_PfS4_iiiiPKiiiS6_S6_S6_S6_S6_S6_i'
ptxas info    : (C7519) warpgroup.arrive is injected in around line 26577 by compiler to allow use of registers in GMMA in function '_Z48streamattn_transposed_wgmma_exact_partial_kernelILi16ELb0ELb1ELb0ELb0EEvPKN7cutlass10bfloat16_tES3_S3_PfS4_iiiiPKiiiS6_S6_S6_S6_S6_S6_i'
ptxas info    : (C7520) Potential Performance Loss: wgmma.mma_async instructions are serialized due to program dependence on compiler-inserted WG.AR in divergent path in the function '_Z48streamattn_transposed_wgmma_exact_partial_kernelILi16ELb0ELb1ELb0ELb0EEvPKN7cutlass10bfloat16_tES3_S3_PfS4_iiiiPKiiiS6_S6_S6_S6_S6_S6_i'
ptxas info    : (C7519) warpgroup.arrive is injected in around line 16954 by compiler to allow use of registers in GMMA in function '_Z48streamattn_transposed_wgmma_exact_partial_kernelILi16ELb1ELb0ELb0ELb0EEvPKN7cutlass10bfloat16_tES3_S3_PfS4_iiiiPKiiiS6_S6_S6_S6_S6_S6_i'
ptxas info    : (C7519) warpgroup.arrive is injected in around line 17005 by compiler to allow use of registers in GMMA in function '_Z48streamattn_transposed_wgmma_exact_partial_kernelILi16ELb1ELb0ELb0ELb0EEvPKN7cutlass10bfloat16_tES3_S3_PfS4_iiiiPKiiiS6_S6_S6_S6_S6_S6_i'
ptxas info    : (C7519) warpgroup.arrive is injected in around line 17262 by compiler to allow use of registers in GMMA in function '_Z48streamattn_transposed_wgmma_exact_partial_kernelILi16ELb1ELb0ELb0ELb0EEvPKN7cutlass10bfloat16_tES3_S3_PfS4_iiiiPKiiiS6_S6_S6_S6_S6_S6_i'
ptxas info    : (C7519) warpgroup.arrive is injected in around line 17314 by compiler to allow use of registers in GMMA in function '_Z48streamattn_transposed_wgmma_exact_partial_kernelILi16ELb1ELb0ELb0ELb0EEvPKN7cutlass10bfloat16_tES3_S3_PfS4_iiiiPKiiiS6_S6_S6_S6_S6_S6_i'
ptxas info    : (C7519) warpgroup.arrive is injected in around line 17351 by compiler to allow use of registers in GMMA in function '_Z48streamattn_transposed_wgmma_exact_partial_kernelILi16ELb1ELb0ELb0ELb0EEvPKN7cutlass10bfloat16_tES3_S3_PfS4_iiiiPKiiiS6_S6_S6_S6_S6_S6_i'
ptxas info    : (C7520) Potential Performance Loss: wgmma.mma_async instructions are serialized due to program dependence on compiler-inserted WG.AR in divergent path in the function '_Z48streamattn_transposed_wgmma_exact_partial_kernelILi16ELb1ELb0ELb0ELb0EEvPKN7cutlass10bfloat16_tES3_S3_PfS4_iiiiPKiiiS6_S6_S6_S6_S6_S6_i'
ptxas info    : (C7519) warpgroup.arrive is injected in around line 15687 by compiler to allow use of registers in GMMA in function '_Z48streamattn_transposed_wgmma_exact_partial_kernelILi16ELb0ELb0ELb0ELb0EEvPKN7cutlass10bfloat16_tES3_S3_PfS4_iiiiPKiiiS6_S6_S6_S6_S6_S6_i'
ptxas info    : (C7519) warpgroup.arrive is injected in around line 15738 by compiler to allow use of registers in GMMA in function '_Z48streamattn_transposed_wgmma_exact_partial_kernelILi16ELb0ELb0ELb0ELb0EEvPKN7cutlass10bfloat16_tES3_S3_PfS4_iiiiPKiiiS6_S6_S6_S6_S6_S6_i'
ptxas info    : (C7519) warpgroup.arrive is injected in around line 15984 by compiler to allow use of registers in GMMA in function '_Z48streamattn_transposed_wgmma_exact_partial_kernelILi16ELb0ELb0ELb0ELb0EEvPKN7cutlass10bfloat16_tES3_S3_PfS4_iiiiPKiiiS6_S6_S6_S6_S6_S6_i'
ptxas info    : (C7519) warpgroup.arrive is injected in around line 16036 by compiler to allow use of registers in GMMA in function '_Z48streamattn_transposed_wgmma_exact_partial_kernelILi16ELb0ELb0ELb0ELb0EEvPKN7cutlass10bfloat16_tES3_S3_PfS4_iiiiPKiiiS6_S6_S6_S6_S6_S6_i'
ptxas info    : (C7519) warpgroup.arrive is injected in around line 16073 by compiler to allow use of registers in GMMA in function '_Z48streamattn_transposed_wgmma_exact_partial_kernelILi16ELb0ELb0ELb0ELb0EEvPKN7cutlass10bfloat16_tES3_S3_PfS4_iiiiPKiiiS6_S6_S6_S6_S6_S6_i'
ptxas info    : (C7520) Potential Performance Loss: wgmma.mma_async instructions are serialized due to program dependence on compiler-inserted WG.AR in divergent path in the function '_Z48streamattn_transposed_wgmma_exact_partial_kernelILi16ELb0ELb0ELb0ELb0EEvPKN7cutlass10bfloat16_tES3_S3_PfS4_iiiiPKiiiS6_S6_S6_S6_S6_S6_i'
ptxas info    : (C7519) warpgroup.arrive is injected in around line 14502 by compiler to allow use of registers in GMMA in function '_Z48streamattn_transposed_wgmma_exact_partial_kernelILi64ELb0ELb0ELb0ELb0EEvPKN7cutlass10bfloat16_tES3_S3_PfS4_iiiiPKiiiS6_S6_S6_S6_S6_S6_i'
ptxas info    : (C7519) warpgroup.arrive is injected in around line 14553 by compiler to allow use of registers in GMMA in function '_Z48streamattn_transposed_wgmma_exact_partial_kernelILi64ELb0ELb0ELb0ELb0EEvPKN7cutlass10bfloat16_tES3_S3_PfS4_iiiiPKiiiS6_S6_S6_S6_S6_S6_i'
ptxas info    : (C7519) warpgroup.arrive is injected in around line 14778 by compiler to allow use of registers in GMMA in function '_Z48streamattn_transposed_wgmma_exact_partial_kernelILi64ELb0ELb0ELb0ELb0EEvPKN7cutlass10bfloat16_tES3_S3_PfS4_iiiiPKiiiS6_S6_S6_S6_S6_S6_i'
ptxas info    : (C7519) warpgroup.arrive is injected in around line 14830 by compiler to allow use of registers in GMMA in function '_Z48streamattn_transposed_wgmma_exact_partial_kernelILi64ELb0ELb0ELb0ELb0EEvPKN7cutlass10bfloat16_tES3_S3_PfS4_iiiiPKiiiS6_S6_S6_S6_S6_S6_i'
ptxas info    : (C7519) warpgroup.arrive is injected in around line 14867 by compiler to allow use of registers in GMMA in function '_Z48streamattn_transposed_wgmma_exact_partial_kernelILi64ELb0ELb0ELb0ELb0EEvPKN7cutlass10bfloat16_tES3_S3_PfS4_iiiiPKiiiS6_S6_S6_S6_S6_S6_i'
ptxas info    : (C7520) Potential Performance Loss: wgmma.mma_async instructions are serialized due to program dependence on compiler-inserted WG.AR in divergent path in the function '_Z48streamattn_transposed_wgmma_exact_partial_kernelILi64ELb0ELb0ELb0ELb0EEvPKN7cutlass10bfloat16_tES3_S3_PfS4_iiiiPKiiiS6_S6_S6_S6_S6_S6_i'
ptxas info    : (C7519) warpgroup.arrive is injected in around line 13400 by compiler to allow use of registers in GMMA in function '_Z48streamattn_transposed_wgmma_exact_partial_kernelILi0ELb0ELb0ELb0ELb0EEvPKN7cutlass10bfloat16_tES3_S3_PfS4_iiiiPKiiiS6_S6_S6_S6_S6_S6_i'
ptxas info    : (C7519) warpgroup.arrive is injected in around line 13451 by compiler to allow use of registers in GMMA in function '_Z48streamattn_transposed_wgmma_exact_partial_kernelILi0ELb0ELb0ELb0ELb0EEvPKN7cutlass10bfloat16_tES3_S3_PfS4_iiiiPKiiiS6_S6_S6_S6_S6_S6_i'
ptxas info    : (C7519) warpgroup.arrive is injected in around line 13676 by compiler to allow use of registers in GMMA in function '_Z48streamattn_transposed_wgmma_exact_partial_kernelILi0ELb0ELb0ELb0ELb0EEvPKN7cutlass10bfloat16_tES3_S3_PfS4_iiiiPKiiiS6_S6_S6_S6_S6_S6_i'
ptxas info    : (C7519) warpgroup.arrive is injected in around line 13728 by compiler to allow use of registers in GMMA in function '_Z48streamattn_transposed_wgmma_exact_partial_kernelILi0ELb0ELb0ELb0ELb0EEvPKN7cutlass10bfloat16_tES3_S3_PfS4_iiiiPKiiiS6_S6_S6_S6_S6_S6_i'
ptxas info    : (C7519) warpgroup.arrive is injected in around line 13765 by compiler to allow use of registers in GMMA in function '_Z48streamattn_transposed_wgmma_exact_partial_kernelILi0ELb0ELb0ELb0ELb0EEvPKN7cutlass10bfloat16_tES3_S3_PfS4_iiiiPKiiiS6_S6_S6_S6_S6_S6_i'
ptxas info    : (C7520) Potential Performance Loss: wgmma.mma_async instructions are serialized due to program dependence on compiler-inserted WG.AR in divergent path in the function '_Z48streamattn_transposed_wgmma_exact_partial_kernelILi0ELb0ELb0ELb0ELb0EEvPKN7cutlass10bfloat16_tES3_S3_PfS4_iiiiPKiiiS6_S6_S6_S6_S6_S6_i'
ptxas info    : (C7519) warpgroup.arrive is injected in around line 11293 by compiler to allow use of registers in GMMA in function '_Z54streamattn_transposed_wgmma_qkpv_async_checksum_kernelPKN7cutlass10bfloat16_tES2_S2_Pfiii'
ptxas info    : (C7519) warpgroup.arrive is injected in around line 11344 by compiler to allow use of registers in GMMA in function '_Z54streamattn_transposed_wgmma_qkpv_async_checksum_kernelPKN7cutlass10bfloat16_tES2_S2_Pfiii'
ptxas info    : (C7519) warpgroup.arrive is injected in around line 11382 by compiler to allow use of registers in GMMA in function '_Z54streamattn_transposed_wgmma_qkpv_async_checksum_kernelPKN7cutlass10bfloat16_tES2_S2_Pfiii'
ptxas info    : (C7519) warpgroup.arrive is injected in around line 11444 by compiler to allow use of registers in GMMA in function '_Z54streamattn_transposed_wgmma_qkpv_async_checksum_kernelPKN7cutlass10bfloat16_tES2_S2_Pfiii'
ptxas info    : (C7519) warpgroup.arrive is injected in around line 11496 by compiler to allow use of registers in GMMA in function '_Z54streamattn_transposed_wgmma_qkpv_async_checksum_kernelPKN7cutlass10bfloat16_tES2_S2_Pfiii'
ptxas info    : (C7519) warpgroup.arrive is injected in around line 11533 by compiler to allow use of registers in GMMA in function '_Z54streamattn_transposed_wgmma_qkpv_async_checksum_kernelPKN7cutlass10bfloat16_tES2_S2_Pfiii'
ptxas info    : (C7519) warpgroup.arrive is injected in around line 7961 by compiler to allow use of registers in GMMA in function '_Z53streamattn_natural_wgmma_micro_prefill_partial_kernelPKN7cutlass10bfloat16_tES2_S2_PfS3_iiiiiii'
ptxas info    : (C7519) warpgroup.arrive is injected in around line 8012 by compiler to allow use of registers in GMMA in function '_Z53streamattn_natural_wgmma_micro_prefill_partial_kernelPKN7cutlass10bfloat16_tES2_S2_PfS3_iiiiiii'
ptxas info    : (C7519) warpgroup.arrive is injected in around line 8082 by compiler to allow use of registers in GMMA in function '_Z53streamattn_natural_wgmma_micro_prefill_partial_kernelPKN7cutlass10bfloat16_tES2_S2_PfS3_iiiiiii'
ptxas info    : (C7519) warpgroup.arrive is injected in around line 5330 by compiler to allow use of registers in GMMA in function '_Z36streamattn_grouped_rs_prefill_kernelPKN7cutlass10bfloat16_tES2_S2_PS0_Pfiiiii'
ptxas info    : (C7519) warpgroup.arrive is injected in around line 5381 by compiler to allow use of registers in GMMA in function '_Z36streamattn_grouped_rs_prefill_kernelPKN7cutlass10bfloat16_tES2_S2_PS0_Pfiiiii'
ptxas info    : (C7519) warpgroup.arrive is injected in around line 5450 by compiler to allow use of registers in GMMA in function '_Z36streamattn_grouped_rs_prefill_kernelPKN7cutlass10bfloat16_tES2_S2_PS0_Pfiiiii'
ptxas info    : (C7519) warpgroup.arrive is injected in around line 891 by compiler to allow use of registers in GMMA in function '_Z39streamattn_grouped_wgmma_prefill_kernelPKN7cutlass10bfloat16_tES2_S2_PS0_Pfiiiii'
ptxas info    : (C7519) warpgroup.arrive is injected in around line 933 by compiler to allow use of registers in GMMA in function '_Z39streamattn_grouped_wgmma_prefill_kernelPKN7cutlass10bfloat16_tES2_S2_PS0_Pfiiiii'
ptxas info    : (C7519) warpgroup.arrive is injected in around line 2468 by compiler to allow use of registers in GMMA in function '_Z39streamattn_grouped_wgmma_prefill_kernelPKN7cutlass10bfloat16_tES2_S2_PS0_Pfiiiii'
ptxas info    : (C7519) warpgroup.arrive is injected in around line 2510 by compiler to allow use of registers in GMMA in function '_Z39streamattn_grouped_wgmma_prefill_kernelPKN7cutlass10bfloat16_tES2_S2_PS0_Pfiiiii'
ptxas info    : (C7519) warpgroup.arrive is injected in around line 2549 by compiler to allow use of registers in GMMA in function '_Z39streamattn_grouped_wgmma_prefill_kernelPKN7cutlass10bfloat16_tES2_S2_PS0_Pfiiiii'
ptxas info    : (C7520) Potential Performance Loss: wgmma.mma_async instructions are serialized due to program dependence on compiler-inserted WG.AR in divergent path in the function '_Z39streamattn_grouped_wgmma_prefill_kernelPKN7cutlass10bfloat16_tES2_S2_PS0_Pfiiiii'
[3/3] c++ main.o cuda.cuda.o -shared -L/opt/conda/lib/python3.11/site-packages/torch/lib -lc10 -lc10_cuda -ltorch_cpu -ltorch_cuda -ltorch -ltorch_python -L/usr/local/cuda/lib64 -lcudart -o streamattn_sm90_exact_c6fe405b3707.so
Loading extension module streamattn_sm90_exact_c6fe405b3707...
{"stage": "checked", "case": {"batch": 1, "m": 2, "n": 64, "hq": 16, "g": 8, "splits": 1, "d": 64, "dtype": "bf16", "mask": "noncausal"}, "passed": true}
{"stage": "case", "case": {"batch": 2, "m": 3, "n": 320, "hq": 32, "g": 4, "splits": 4, "d": 64, "dtype": "bf16", "mask": "append"}}
{"stage": "checked", "case": {"batch": 2, "m": 3, "n": 320, "hq": 32, "g": 4, "splits": 4, "d": 64, "dtype": "bf16", "mask": "append"}, "passed": true}
{"stage": "case", "case": {"batch": 2, "m": 3, "n": 320, "hq": 32, "g": 4, "splits": 4, "d": 64, "dtype": "bf16", "mask": "permuted"}}
{"stage": "checked", "case": {"batch": 2, "m": 3, "n": 320, "hq": 32, "g": 4, "splits": 4, "d": 64, "dtype": "bf16", "mask": "permuted"}, "passed": true}
{"stage": "case", "case": {"batch": 2, "m": 3, "n": 320, "hq": 32, "g": 4, "splits": 4, "d": 64, "dtype": "bf16", "mask": "noncausal"}}
{"stage": "checked", "case": {"batch": 2, "m": 3, "n": 320, "hq": 32, "g": 4, "splits": 4, "d": 64, "dtype": "bf16", "mask": "noncausal"}, "passed": true}
{"stage": "case", "case": {"batch": 1, "m": 17, "n": 448, "hq": 16, "g": 8, "splits": 6, "d": 64, "dtype": "bf16", "mask": "append"}}
{"stage": "checked", "case": {"batch": 1, "m": 17, "n": 448, "hq": 16, "g": 8, "splits": 6, "d": 64, "dtype": "bf16", "mask": "append"}, "passed": true}
{"stage": "case", "case": {"batch": 1, "m": 17, "n": 448, "hq": 16, "g": 8, "splits": 6, "d": 64, "dtype": "bf16", "mask": "permuted"}}
{"stage": "checked", "case": {"batch": 1, "m": 17, "n": 448, "hq": 16, "g": 8, "splits": 6, "d": 64, "dtype": "bf16", "mask": "permuted"}, "passed": true}
{"stage": "case", "case": {"batch": 1, "m": 17, "n": 448, "hq": 16, "g": 8, "splits": 6, "d": 64, "dtype": "bf16", "mask": "noncausal"}}
{"stage": "checked", "case": {"batch": 1, "m": 17, "n": 448, "hq": 16, "g": 8, "splits": 6, "d": 64, "dtype": "bf16", "mask": "noncausal"}, "passed": true}
{"stage": "case", "case": {"batch": 2, "m": 9, "n": 320, "hq": 16, "g": 4, "splits": 5, "d": 64, "dtype": "bf16", "mask": "append"}}
{"stage": "checked", "case": {"batch": 2, "m": 9, "n": 320, "hq": 16, "g": 4, "splits": 5, "d": 64, "dtype": "bf16", "mask": "append"}, "passed": true}
{"stage": "case", "case": {"batch": 2, "m": 9, "n": 320, "hq": 16, "g": 4, "splits": 5, "d": 64, "dtype": "bf16", "mask": "permuted"}}
{"stage": "checked", "case": {"batch": 2, "m": 9, "n": 320, "hq": 16, "g": 4, "splits": 5, "d": 64, "dtype": "bf16", "mask": "permuted"}, "passed": true}
{"stage": "case", "case": {"batch": 2, "m": 9, "n": 320, "hq": 16, "g": 4, "splits": 5, "d": 64, "dtype": "bf16", "mask": "noncausal"}}
{"stage": "checked", "case": {"batch": 2, "m": 9, "n": 320, "hq": 16, "g": 4, "splits": 5, "d": 64, "dtype": "bf16", "mask": "noncausal"}, "passed": true}
{"stage": "case", "case": {"batch": 1, "m": 32, "n": 4096, "hq": 16, "g": 8, "splits": 24, "d": 64, "dtype": "bf16", "mask": "append"}}
{"stage": "checked", "case": {"batch": 1, "m": 32, "n": 4096, "hq": 16, "g": 8, "splits": 24, "d": 64, "dtype": "bf16", "mask": "append"}, "passed": true}
{"stage": "case", "case": {"batch": 1, "m": 32, "n": 4096, "hq": 16, "g": 8, "splits": 24, "d": 64, "dtype": "bf16", "mask": "permuted"}}
{"stage": "checked", "case": {"batch": 1, "m": 32, "n": 4096, "hq": 16, "g": 8, "splits": 24, "d": 64, "dtype": "bf16", "mask": "permuted"}, "passed": true}
{"stage": "case", "case": {"batch": 1, "m": 32, "n": 4096, "hq": 16, "g": 8, "splits": 24, "d": 64, "dtype": "bf16", "mask": "noncausal"}}
{"stage": "checked", "case": {"batch": 1, "m": 32, "n": 4096, "hq": 16, "g": 8, "splits": 24, "d": 64, "dtype": "bf16", "mask": "noncausal"}, "passed": true}
{"stage": "case", "case": {"batch": 1, "m": 64, "n": 4096, "hq": 16, "g": 8, "splits": 16, "d": 64, "dtype": "bf16", "mask": "append"}}
{"stage": "checked", "case": {"batch": 1, "m": 64, "n": 4096, "hq": 16, "g": 8, "splits": 16, "d": 64, "dtype": "bf16", "mask": "append"}, "passed": true}
{"stage": "case", "case": {"batch": 1, "m": 64, "n": 4096, "hq": 16, "g": 8, "splits": 16, "d": 64, "dtype": "bf16", "mask": "permuted"}}
{"stage": "checked", "case": {"batch": 1, "m": 64, "n": 4096, "hq": 16, "g": 8, "splits": 16, "d": 64, "dtype": "bf16", "mask": "permuted"}, "passed": true}
{"stage": "case", "case": {"batch": 1, "m": 64, "n": 4096, "hq": 16, "g": 8, "splits": 16, "d": 64, "dtype": "bf16", "mask": "noncausal"}}
{"stage": "checked", "case": {"batch": 1, "m": 64, "n": 4096, "hq": 16, "g": 8, "splits": 16, "d": 64, "dtype": "bf16", "mask": "noncausal"}, "passed": true}
{"stage": "case", "case": {"batch": 2, "m": 8, "n": 16384, "hq": 32, "g": 4, "splits": 32, "d": 64, "dtype": "bf16", "mask": "append"}}
{"stage": "checked", "case": {"batch": 2, "m": 8, "n": 16384, "hq": 32, "g": 4, "splits": 32, "d": 64, "dtype": "bf16", "mask": "append"}, "passed": true}
{"stage": "case", "case": {"batch": 2, "m": 8, "n": 16384, "hq": 32, "g": 4, "splits": 32, "d": 64, "dtype": "bf16", "mask": "permuted"}}
{"stage": "checked", "case": {"batch": 2, "m": 8, "n": 16384, "hq": 32, "g": 4, "splits": 32, "d": 64, "dtype": "bf16", "mask": "permuted"}, "passed": true}
{"stage": "case", "case": {"batch": 2, "m": 8, "n": 16384, "hq": 32, "g": 4, "splits": 32, "d": 64, "dtype": "bf16", "mask": "noncausal"}}
{"stage": "checked", "case": {"batch": 2, "m": 8, "n": 16384, "hq": 32, "g": 4, "splits": 32, "d": 64, "dtype": "bf16", "mask": "noncausal"}, "passed": true}
{"stage": "case", "case": {"batch": 1, "m": 2, "n": 64, "hq": 16, "g": 8, "splits": 1, "d": 128, "dtype": "fp16", "mask": "append"}}
Detected CUDA files, patching ldflags
Emitting ninja build file /tmp/streamattn-audit-build/d128/streamattn_sm90_micro_semantics_57124f8786cca91a/build.ninja...
Building extension module streamattn_sm90_micro_semantics_57124f8786cca91a...
Allowing ninja to set a default number of workers... (overridable by setting the environment variable MAX_JOBS=N)
[1/3] c++ -MMD -MF main.o.d -DTORCH_EXTENSION_NAME=streamattn_sm90_micro_semantics_57124f8786cca91a -DTORCH_API_INCLUDE_EXTENSION_H -DPYBIND11_COMPILER_TYPE=\"_gcc\" -DPYBIND11_STDLIB=\"_libstdcpp\" -DPYBIND11_BUILD_ABI=\"_cxxabi1016\" -I/tmp/flashmla-etap/csrc/cutlass/include -isystem /opt/conda/lib/python3.11/site-packages/torch/include -isystem /opt/conda/lib/python3.11/site-packages/torch/include/torch/csrc/api/include -isystem /usr/local/cuda/include -isystem /opt/conda/include/python3.11 -D_GLIBCXX_USE_CXX11_ABI=1 -fPIC -std=c++17 -O3 -std=c++17 -c /tmp/streamattn-audit-build/d128/streamattn_sm90_micro_semantics_57124f8786cca91a/main.cpp -o main.o 
[2/3] /usr/local/cuda/bin/nvcc --generate-dependencies-with-compile --dependency-output cuda.cuda.o.d -DTORCH_EXTENSION_NAME=streamattn_sm90_micro_semantics_57124f8786cca91a -DTORCH_API_INCLUDE_EXTENSION_H -DPYBIND11_COMPILER_TYPE=\"_gcc\" -DPYBIND11_STDLIB=\"_libstdcpp\" -DPYBIND11_BUILD_ABI=\"_cxxabi1016\" -I/tmp/flashmla-etap/csrc/cutlass/include -isystem /opt/conda/lib/python3.11/site-packages/torch/include -isystem /opt/conda/lib/python3.11/site-packages/torch/include/torch/csrc/api/include -isystem /usr/local/cuda/include -isystem /opt/conda/include/python3.11 -D_GLIBCXX_USE_CXX11_ABI=1 -D__CUDA_NO_HALF_OPERATORS__ -D__CUDA_NO_HALF_CONVERSIONS__ -D__CUDA_NO_BFLOAT16_CONVERSIONS__ -D__CUDA_NO_HALF2_OPERATORS__ --expt-relaxed-constexpr -gencode=arch=compute_90a,code=sm_90a --compiler-options '-fPIC' -O3 -std=c++17 --use_fast_math --expt-relaxed-constexpr --expt-extended-lambda --ptxas-options=-v,--warn-on-spills -lineinfo --keep --keep-dir=. -gencode=arch=compute_90a,code=sm_90a -c /tmp/streamattn-audit-build/d128/streamattn_sm90_micro_semantics_57124f8786cca91a/cuda.cu -o cuda.cuda.o 
/tmp/streamattn-audit-build/d128/streamattn_sm90_micro_semantics_57124f8786cca91a/cuda.cu(55): warning #177-D: variable "kPrefillRows" was declared but never referenced
  static constexpr int kPrefillRows =
                       ^

Remark: The warnings can be suppressed with "-diag-suppress <warning-number>"

ptxas info    : (C7519) warpgroup.arrive is injected in around line 1251 by compiler to allow use of registers in GMMA in function '_Z53streamattn_natural_wgmma_micro_prefill_partial_kernelPKN7cutlass6half_tES2_S2_PfS3_iiiiiiiPKlS5_'
ptxas info    : (C7519) warpgroup.arrive is injected in around line 1354 by compiler to allow use of registers in GMMA in function '_Z53streamattn_natural_wgmma_micro_prefill_partial_kernelPKN7cutlass6half_tES2_S2_PfS3_iiiiiiiPKlS5_'
ptxas info    : (C7519) warpgroup.arrive is injected in around line 1432 by compiler to allow use of registers in GMMA in function '_Z53streamattn_natural_wgmma_micro_prefill_partial_kernelPKN7cutlass6half_tES2_S2_PfS3_iiiiiiiPKlS5_'
ptxas info    : 13 bytes gmem
ptxas info    : Compiling entry function '_Z48streamattn_transposed_wgmma_exact_partial_kernelILi0ELb0ELb0ELb0ELb0EEvPKN7cutlass6half_tES3_S3_PfS4_iiiiPKiiiS6_S6_S6_S6_S6_S6_iPKlS8_' for 'sm_90a'
ptxas info    : Function properties for _Z48streamattn_transposed_wgmma_exact_partial_kernelILi0ELb0ELb0ELb0ELb0EEvPKN7cutlass6half_tES3_S3_PfS4_iiiiPKiiiS6_S6_S6_S6_S6_S6_iPKlS8_
    0 bytes stack frame, 0 bytes spill stores, 0 bytes spill loads
ptxas info    : Used 76 registers, used 1 barriers, 36096 bytes smem
ptxas info    : Compile time = 41.526 ms
ptxas info    : Compiling entry function '_Z51streamattn_transposed_wgmma_exact_merge_warp_kernelPKfS0_PN7cutlass6half_tEiii' for 'sm_90a'
ptxas info    : Function properties for _Z51streamattn_transposed_wgmma_exact_merge_warp_kernelPKfS0_PN7cutlass6half_tEiii
    0 bytes stack frame, 0 bytes spill stores, 0 bytes spill loads
ptxas info    : Used 66 registers, used 0 barriers, 2048 bytes smem
ptxas info    : Compile time = 39.799 ms
ptxas info    : Compiling entry function '_Z51streamattn_natural_wgmma_micro_prefill_merge_kernelPKfS0_PN7cutlass6half_tEiiiiii' for 'sm_90a'
ptxas info    : Function properties for _Z51streamattn_natural_wgmma_micro_prefill_merge_kernelPKfS0_PN7cutlass6half_tEiiiiii
    0 bytes stack frame, 0 bytes spill stores, 0 bytes spill loads
ptxas info    : Used 32 registers, used 1 barriers, 2176 bytes smem
ptxas info    : Compile time = 32.063 ms
ptxas info    : Compiling entry function '_Z53streamattn_natural_wgmma_micro_prefill_partial_kernelPKN7cutlass6half_tES2_S2_PfS3_iiiiiiiPKlS5_' for 'sm_90a'
ptxas info    : Function properties for _Z53streamattn_natural_wgmma_micro_prefill_partial_kernelPKN7cutlass6half_tES2_S2_PfS3_iiiiiiiPKlS5_
    0 bytes stack frame, 0 bytes spill stores, 0 bytes spill loads
ptxas info    : Used 160 registers, used 1 barriers
ptxas info    : Compile time = 114.085 ms
[3/3] c++ main.o cuda.cuda.o -shared -L/opt/conda/lib/python3.11/site-packages/torch/lib -lc10 -lc10_cuda -ltorch_cpu -ltorch_cuda -ltorch -ltorch_python -L/usr/local/cuda/lib64 -lcudart -o streamattn_sm90_micro_semantics_57124f8786cca91a.so
Loading extension module streamattn_sm90_micro_semantics_57124f8786cca91a...
{"stage": "checked", "case": {"batch": 1, "m": 2, "n": 64, "hq": 16, "g": 8, "splits": 1, "d": 128, "dtype": "fp16", "mask": "append"}, "passed": true}
{"stage": "case", "case": {"batch": 1, "m": 2, "n": 64, "hq": 16, "g": 8, "splits": 1, "d": 128, "dtype": "fp16", "mask": "permuted"}}
{"stage": "checked", "case": {"batch": 1, "m": 2, "n": 64, "hq": 16, "g": 8, "splits": 1, "d": 128, "dtype": "fp16", "mask": "permuted"}, "passed": true}
{"stage": "case", "case": {"batch": 1, "m": 2, "n": 64, "hq": 16, "g": 8, "splits": 1, "d": 128, "dtype": "fp16", "mask": "noncausal"}}
Detected CUDA files, patching ldflags
Emitting ninja build file /tmp/streamattn-audit-build/d128/streamattn_sm90_micro_semantics_82d9ad9c3b1bcf0b/build.ninja...
Building extension module streamattn_sm90_micro_semantics_82d9ad9c3b1bcf0b...
Allowing ninja to set a default number of workers... (overridable by setting the environment variable MAX_JOBS=N)
[1/3] c++ -MMD -MF main.o.d -DTORCH_EXTENSION_NAME=streamattn_sm90_micro_semantics_82d9ad9c3b1bcf0b -DTORCH_API_INCLUDE_EXTENSION_H -DPYBIND11_COMPILER_TYPE=\"_gcc\" -DPYBIND11_STDLIB=\"_libstdcpp\" -DPYBIND11_BUILD_ABI=\"_cxxabi1016\" -I/tmp/flashmla-etap/csrc/cutlass/include -isystem /opt/conda/lib/python3.11/site-packages/torch/include -isystem /opt/conda/lib/python3.11/site-packages/torch/include/torch/csrc/api/include -isystem /usr/local/cuda/include -isystem /opt/conda/include/python3.11 -D_GLIBCXX_USE_CXX11_ABI=1 -fPIC -std=c++17 -O3 -std=c++17 -c /tmp/streamattn-audit-build/d128/streamattn_sm90_micro_semantics_82d9ad9c3b1bcf0b/main.cpp -o main.o 
[2/3] /usr/local/cuda/bin/nvcc --generate-dependencies-with-compile --dependency-output cuda.cuda.o.d -DTORCH_EXTENSION_NAME=streamattn_sm90_micro_semantics_82d9ad9c3b1bcf0b -DTORCH_API_INCLUDE_EXTENSION_H -DPYBIND11_COMPILER_TYPE=\"_gcc\" -DPYBIND11_STDLIB=\"_libstdcpp\" -DPYBIND11_BUILD_ABI=\"_cxxabi1016\" -I/tmp/flashmla-etap/csrc/cutlass/include -isystem /opt/conda/lib/python3.11/site-packages/torch/include -isystem /opt/conda/lib/python3.11/site-packages/torch/include/torch/csrc/api/include -isystem /usr/local/cuda/include -isystem /opt/conda/include/python3.11 -D_GLIBCXX_USE_CXX11_ABI=1 -D__CUDA_NO_HALF_OPERATORS__ -D__CUDA_NO_HALF_CONVERSIONS__ -D__CUDA_NO_BFLOAT16_CONVERSIONS__ -D__CUDA_NO_HALF2_OPERATORS__ --expt-relaxed-constexpr -gencode=arch=compute_90a,code=sm_90a --compiler-options '-fPIC' -O3 -std=c++17 --use_fast_math --expt-relaxed-constexpr --expt-extended-lambda --ptxas-options=-v,--warn-on-spills -lineinfo --keep --keep-dir=. -gencode=arch=compute_90a,code=sm_90a -c /tmp/streamattn-audit-build/d128/streamattn_sm90_micro_semantics_82d9ad9c3b1bcf0b/cuda.cu -o cuda.cuda.o 
/tmp/streamattn-audit-build/d128/streamattn_sm90_micro_semantics_82d9ad9c3b1bcf0b/cuda.cu(55): warning #177-D: variable "kPrefillRows" was declared but never referenced
  static constexpr int kPrefillRows =
                       ^

Remark: The warnings can be suppressed with "-diag-suppress <warning-number>"

ptxas info    : (C7519) warpgroup.arrive is injected in around line 1241 by compiler to allow use of registers in GMMA in function '_Z53streamattn_natural_wgmma_micro_prefill_partial_kernelPKN7cutlass6half_tES2_S2_PfS3_iiiiiiiPKlS5_'
ptxas info    : (C7519) warpgroup.arrive is injected in around line 1344 by compiler to allow use of registers in GMMA in function '_Z53streamattn_natural_wgmma_micro_prefill_partial_kernelPKN7cutlass6half_tES2_S2_PfS3_iiiiiiiPKlS5_'
ptxas info    : (C7519) warpgroup.arrive is injected in around line 1422 by compiler to allow use of registers in GMMA in function '_Z53streamattn_natural_wgmma_micro_prefill_partial_kernelPKN7cutlass6half_tES2_S2_PfS3_iiiiiiiPKlS5_'
ptxas info    : 13 bytes gmem
ptxas info    : Compiling entry function '_Z48streamattn_transposed_wgmma_exact_partial_kernelILi0ELb0ELb0ELb0ELb0EEvPKN7cutlass6half_tES3_S3_PfS4_iiiiPKiiiS6_S6_S6_S6_S6_S6_iPKlS8_' for 'sm_90a'
ptxas info    : Function properties for _Z48streamattn_transposed_wgmma_exact_partial_kernelILi0ELb0ELb0ELb0ELb0EEvPKN7cutlass6half_tES3_S3_PfS4_iiiiPKiiiS6_S6_S6_S6_S6_S6_iPKlS8_
    0 bytes stack frame, 0 bytes spill stores, 0 bytes spill loads
ptxas info    : Used 56 registers, used 1 barriers, 36096 bytes smem
ptxas info    : Compile time = 36.563 ms
ptxas info    : Compiling entry function '_Z51streamattn_transposed_wgmma_exact_merge_warp_kernelPKfS0_PN7cutlass6half_tEiii' for 'sm_90a'
ptxas info    : Function properties for _Z51streamattn_transposed_wgmma_exact_merge_warp_kernelPKfS0_PN7cutlass6half_tEiii
    0 bytes stack frame, 0 bytes spill stores, 0 bytes spill loads
ptxas info    : Used 66 registers, used 0 barriers, 2048 bytes smem
ptxas info    : Compile time = 39.499 ms
ptxas info    : Compiling entry function '_Z51streamattn_natural_wgmma_micro_prefill_merge_kernelPKfS0_PN7cutlass6half_tEiiiiii' for 'sm_90a'
ptxas info    : Function properties for _Z51streamattn_natural_wgmma_micro_prefill_merge_kernelPKfS0_PN7cutlass6half_tEiiiiii
    0 bytes stack frame, 0 bytes spill stores, 0 bytes spill loads
ptxas info    : Used 32 registers, used 1 barriers, 2176 bytes smem
ptxas info    : Compile time = 32.091 ms
ptxas info    : Compiling entry function '_Z53streamattn_natural_wgmma_micro_prefill_partial_kernelPKN7cutlass6half_tES2_S2_PfS3_iiiiiiiPKlS5_' for 'sm_90a'
ptxas info    : Function properties for _Z53streamattn_natural_wgmma_micro_prefill_partial_kernelPKN7cutlass6half_tES2_S2_PfS3_iiiiiiiPKlS5_
    0 bytes stack frame, 0 bytes spill stores, 0 bytes spill loads
ptxas info    : Used 164 registers, used 1 barriers
ptxas info    : Compile time = 97.570 ms
[3/3] c++ main.o cuda.cuda.o -shared -L/opt/conda/lib/python3.11/site-packages/torch/lib -lc10 -lc10_cuda -ltorch_cpu -ltorch_cuda -ltorch -ltorch_python -L/usr/local/cuda/lib64 -lcudart -o streamattn_sm90_micro_semantics_82d9ad9c3b1bcf0b.so
Loading extension module streamattn_sm90_micro_semantics_82d9ad9c3b1bcf0b...
{"stage": "checked", "case": {"batch": 1, "m": 2, "n": 64, "hq": 16, "g": 8, "splits": 1, "d": 128, "dtype": "fp16", "mask": "noncausal"}, "passed": true}
{"stage": "case", "case": {"batch": 2, "m": 3, "n": 320, "hq": 32, "g": 4, "splits": 4, "d": 128, "dtype": "fp16", "mask": "append"}}
{"stage": "checked", "case": {"batch": 2, "m": 3, "n": 320, "hq": 32, "g": 4, "splits": 4, "d": 128, "dtype": "fp16", "mask": "append"}, "passed": true}
{"stage": "case", "case": {"batch": 2, "m": 3, "n": 320, "hq": 32, "g": 4, "splits": 4, "d": 128, "dtype": "fp16", "mask": "permuted"}}
{"stage": "checked", "case": {"batch": 2, "m": 3, "n": 320, "hq": 32, "g": 4, "splits": 4, "d": 128, "dtype": "fp16", "mask": "permuted"}, "passed": true}
{"stage": "case", "case": {"batch": 2, "m": 3, "n": 320, "hq": 32, "g": 4, "splits": 4, "d": 128, "dtype": "fp16", "mask": "noncausal"}}
{"stage": "checked", "case": {"batch": 2, "m": 3, "n": 320, "hq": 32, "g": 4, "splits": 4, "d": 128, "dtype": "fp16", "mask": "noncausal"}, "passed": true}
{"stage": "case", "case": {"batch": 1, "m": 17, "n": 448, "hq": 16, "g": 8, "splits": 6, "d": 128, "dtype": "fp16", "mask": "append"}}
{"stage": "checked", "case": {"batch": 1, "m": 17, "n": 448, "hq": 16, "g": 8, "splits": 6, "d": 128, "dtype": "fp16", "mask": "append"}, "passed": true}
{"stage": "case", "case": {"batch": 1, "m": 17, "n": 448, "hq": 16, "g": 8, "splits": 6, "d": 128, "dtype": "fp16", "mask": "permuted"}}
{"stage": "checked", "case": {"batch": 1, "m": 17, "n": 448, "hq": 16, "g": 8, "splits": 6, "d": 128, "dtype": "fp16", "mask": "permuted"}, "passed": true}
{"stage": "case", "case": {"batch": 1, "m": 17, "n": 448, "hq": 16, "g": 8, "splits": 6, "d": 128, "dtype": "fp16", "mask": "noncausal"}}
{"stage": "checked", "case": {"batch": 1, "m": 17, "n": 448, "hq": 16, "g": 8, "splits": 6, "d": 128, "dtype": "fp16", "mask": "noncausal"}, "passed": true}
{"stage": "case", "case": {"batch": 2, "m": 9, "n": 320, "hq": 16, "g": 4, "splits": 5, "d": 128, "dtype": "fp16", "mask": "append"}}
{"stage": "checked", "case": {"batch": 2, "m": 9, "n": 320, "hq": 16, "g": 4, "splits": 5, "d": 128, "dtype": "fp16", "mask": "append"}, "passed": true}
{"stage": "case", "case": {"batch": 2, "m": 9, "n": 320, "hq": 16, "g": 4, "splits": 5, "d": 128, "dtype": "fp16", "mask": "permuted"}}
{"stage": "checked", "case": {"batch": 2, "m": 9, "n": 320, "hq": 16, "g": 4, "splits": 5, "d": 128, "dtype": "fp16", "mask": "permuted"}, "passed": true}
{"stage": "case", "case": {"batch": 2, "m": 9, "n": 320, "hq": 16, "g": 4, "splits": 5, "d": 128, "dtype": "fp16", "mask": "noncausal"}}
{"stage": "checked", "case": {"batch": 2, "m": 9, "n": 320, "hq": 16, "g": 4, "splits": 5, "d": 128, "dtype": "fp16", "mask": "noncausal"}, "passed": true}
{"stage": "case", "case": {"batch": 1, "m": 32, "n": 4096, "hq": 16, "g": 8, "splits": 24, "d": 128, "dtype": "fp16", "mask": "append"}}
{"stage": "checked", "case": {"batch": 1, "m": 32, "n": 4096, "hq": 16, "g": 8, "splits": 24, "d": 128, "dtype": "fp16", "mask": "append"}, "passed": true}
{"stage": "case", "case": {"batch": 1, "m": 32, "n": 4096, "hq": 16, "g": 8, "splits": 24, "d": 128, "dtype": "fp16", "mask": "permuted"}}
{"stage": "checked", "case": {"batch": 1, "m": 32, "n": 4096, "hq": 16, "g": 8, "splits": 24, "d": 128, "dtype": "fp16", "mask": "permuted"}, "passed": true}
{"stage": "case", "case": {"batch": 1, "m": 32, "n": 4096, "hq": 16, "g": 8, "splits": 24, "d": 128, "dtype": "fp16", "mask": "noncausal"}}
{"stage": "checked", "case": {"batch": 1, "m": 32, "n": 4096, "hq": 16, "g": 8, "splits": 24, "d": 128, "dtype": "fp16", "mask": "noncausal"}, "passed": true}
{"stage": "case", "case": {"batch": 1, "m": 64, "n": 4096, "hq": 16, "g": 8, "splits": 16, "d": 128, "dtype": "fp16", "mask": "append"}}
{"stage": "checked", "case": {"batch": 1, "m": 64, "n": 4096, "hq": 16, "g": 8, "splits": 16, "d": 128, "dtype": "fp16", "mask": "append"}, "passed": true}
{"stage": "case", "case": {"batch": 1, "m": 64, "n": 4096, "hq": 16, "g": 8, "splits": 16, "d": 128, "dtype": "fp16", "mask": "permuted"}}
{"stage": "checked", "case": {"batch": 1, "m": 64, "n": 4096, "hq": 16, "g": 8, "splits": 16, "d": 128, "dtype": "fp16", "mask": "permuted"}, "passed": true}
{"stage": "case", "case": {"batch": 1, "m": 64, "n": 4096, "hq": 16, "g": 8, "splits": 16, "d": 128, "dtype": "fp16", "mask": "noncausal"}}
{"stage": "checked", "case": {"batch": 1, "m": 64, "n": 4096, "hq": 16, "g": 8, "splits": 16, "d": 128, "dtype": "fp16", "mask": "noncausal"}, "passed": true}
{"stage": "case", "case": {"batch": 2, "m": 8, "n": 16384, "hq": 32, "g": 4, "splits": 32, "d": 128, "dtype": "fp16", "mask": "append"}}
{"stage": "checked", "case": {"batch": 2, "m": 8, "n": 16384, "hq": 32, "g": 4, "splits": 32, "d": 128, "dtype": "fp16", "mask": "append"}, "passed": true}
{"stage": "case", "case": {"batch": 2, "m": 8, "n": 16384, "hq": 32, "g": 4, "splits": 32, "d": 128, "dtype": "fp16", "mask": "permuted"}}
{"stage": "checked", "case": {"batch": 2, "m": 8, "n": 16384, "hq": 32, "g": 4, "splits": 32, "d": 128, "dtype": "fp16", "mask": "permuted"}, "passed": true}
{"stage": "case", "case": {"batch": 2, "m": 8, "n": 16384, "hq": 32, "g": 4, "splits": 32, "d": 128, "dtype": "fp16", "mask": "noncausal"}}
{"stage": "checked", "case": {"batch": 2, "m": 8, "n": 16384, "hq": 32, "g": 4, "splits": 32, "d": 128, "dtype": "fp16", "mask": "noncausal"}, "passed": true}
{"stage": "case", "case": {"batch": 1, "m": 2, "n": 64, "hq": 16, "g": 8, "splits": 1, "d": 128, "dtype": "bf16", "mask": "append"}}
Detected CUDA files, patching ldflags
Emitting ninja build file /tmp/streamattn-audit-build/d128/streamattn_sm90_micro_semantics_208b87726497ac12/build.ninja...
Building extension module streamattn_sm90_micro_semantics_208b87726497ac12...
Allowing ninja to set a default number of workers... (overridable by setting the environment variable MAX_JOBS=N)
[1/3] c++ -MMD -MF main.o.d -DTORCH_EXTENSION_NAME=streamattn_sm90_micro_semantics_208b87726497ac12 -DTORCH_API_INCLUDE_EXTENSION_H -DPYBIND11_COMPILER_TYPE=\"_gcc\" -DPYBIND11_STDLIB=\"_libstdcpp\" -DPYBIND11_BUILD_ABI=\"_cxxabi1016\" -I/tmp/flashmla-etap/csrc/cutlass/include -isystem /opt/conda/lib/python3.11/site-packages/torch/include -isystem /opt/conda/lib/python3.11/site-packages/torch/include/torch/csrc/api/include -isystem /usr/local/cuda/include -isystem /opt/conda/include/python3.11 -D_GLIBCXX_USE_CXX11_ABI=1 -fPIC -std=c++17 -O3 -std=c++17 -c /tmp/streamattn-audit-build/d128/streamattn_sm90_micro_semantics_208b87726497ac12/main.cpp -o main.o 
[2/3] /usr/local/cuda/bin/nvcc --generate-dependencies-with-compile --dependency-output cuda.cuda.o.d -DTORCH_EXTENSION_NAME=streamattn_sm90_micro_semantics_208b87726497ac12 -DTORCH_API_INCLUDE_EXTENSION_H -DPYBIND11_COMPILER_TYPE=\"_gcc\" -DPYBIND11_STDLIB=\"_libstdcpp\" -DPYBIND11_BUILD_ABI=\"_cxxabi1016\" -I/tmp/flashmla-etap/csrc/cutlass/include -isystem /opt/conda/lib/python3.11/site-packages/torch/include -isystem /opt/conda/lib/python3.11/site-packages/torch/include/torch/csrc/api/include -isystem /usr/local/cuda/include -isystem /opt/conda/include/python3.11 -D_GLIBCXX_USE_CXX11_ABI=1 -D__CUDA_NO_HALF_OPERATORS__ -D__CUDA_NO_HALF_CONVERSIONS__ -D__CUDA_NO_BFLOAT16_CONVERSIONS__ -D__CUDA_NO_HALF2_OPERATORS__ --expt-relaxed-constexpr -gencode=arch=compute_90a,code=sm_90a --compiler-options '-fPIC' -O3 -std=c++17 --use_fast_math --expt-relaxed-constexpr --expt-extended-lambda --ptxas-options=-v,--warn-on-spills -lineinfo --keep --keep-dir=. -gencode=arch=compute_90a,code=sm_90a -c /tmp/streamattn-audit-build/d128/streamattn_sm90_micro_semantics_208b87726497ac12/cuda.cu -o cuda.cuda.o 
/tmp/streamattn-audit-build/d128/streamattn_sm90_micro_semantics_208b87726497ac12/cuda.cu(55): warning #177-D: variable "kPrefillRows" was declared but never referenced
  static constexpr int kPrefillRows =
                       ^

Remark: The warnings can be suppressed with "-diag-suppress <warning-number>"

ptxas info    : (C7519) warpgroup.arrive is injected in around line 1249 by compiler to allow use of registers in GMMA in function '_Z53streamattn_natural_wgmma_micro_prefill_partial_kernelPKN7cutlass10bfloat16_tES2_S2_PfS3_iiiiiiiPKlS5_'
ptxas info    : (C7519) warpgroup.arrive is injected in around line 1352 by compiler to allow use of registers in GMMA in function '_Z53streamattn_natural_wgmma_micro_prefill_partial_kernelPKN7cutlass10bfloat16_tES2_S2_PfS3_iiiiiiiPKlS5_'
ptxas info    : (C7519) warpgroup.arrive is injected in around line 1430 by compiler to allow use of registers in GMMA in function '_Z53streamattn_natural_wgmma_micro_prefill_partial_kernelPKN7cutlass10bfloat16_tES2_S2_PfS3_iiiiiiiPKlS5_'
ptxas info    : 13 bytes gmem
ptxas info    : Compiling entry function '_Z48streamattn_transposed_wgmma_exact_partial_kernelILi0ELb0ELb0ELb0ELb0EEvPKN7cutlass10bfloat16_tES3_S3_PfS4_iiiiPKiiiS6_S6_S6_S6_S6_S6_iPKlS8_' for 'sm_90a'
ptxas info    : Function properties for _Z48streamattn_transposed_wgmma_exact_partial_kernelILi0ELb0ELb0ELb0ELb0EEvPKN7cutlass10bfloat16_tES3_S3_PfS4_iiiiPKiiiS6_S6_S6_S6_S6_S6_iPKlS8_
    0 bytes stack frame, 0 bytes spill stores, 0 bytes spill loads
ptxas info    : Used 76 registers, used 1 barriers, 36096 bytes smem
ptxas info    : Compile time = 39.859 ms
ptxas info    : Compiling entry function '_Z51streamattn_transposed_wgmma_exact_merge_warp_kernelPKfS0_PN7cutlass10bfloat16_tEiii' for 'sm_90a'
ptxas info    : Function properties for _Z51streamattn_transposed_wgmma_exact_merge_warp_kernelPKfS0_PN7cutlass10bfloat16_tEiii
    0 bytes stack frame, 0 bytes spill stores, 0 bytes spill loads
ptxas info    : Used 66 registers, used 0 barriers, 2048 bytes smem
ptxas info    : Compile time = 38.436 ms
ptxas info    : Compiling entry function '_Z51streamattn_natural_wgmma_micro_prefill_merge_kernelPKfS0_PN7cutlass10bfloat16_tEiiiiii' for 'sm_90a'
ptxas info    : Function properties for _Z51streamattn_natural_wgmma_micro_prefill_merge_kernelPKfS0_PN7cutlass10bfloat16_tEiiiiii
    0 bytes stack frame, 0 bytes spill stores, 0 bytes spill loads
ptxas info    : Used 32 registers, used 1 barriers, 2176 bytes smem
ptxas info    : Compile time = 31.470 ms
ptxas info    : Compiling entry function '_Z53streamattn_natural_wgmma_micro_prefill_partial_kernelPKN7cutlass10bfloat16_tES2_S2_PfS3_iiiiiiiPKlS5_' for 'sm_90a'
ptxas info    : Function properties for _Z53streamattn_natural_wgmma_micro_prefill_partial_kernelPKN7cutlass10bfloat16_tES2_S2_PfS3_iiiiiiiPKlS5_
    0 bytes stack frame, 0 bytes spill stores, 0 bytes spill loads
ptxas info    : Used 160 registers, used 1 barriers
ptxas info    : Compile time = 110.909 ms
[3/3] c++ main.o cuda.cuda.o -shared -L/opt/conda/lib/python3.11/site-packages/torch/lib -lc10 -lc10_cuda -ltorch_cpu -ltorch_cuda -ltorch -ltorch_python -L/usr/local/cuda/lib64 -lcudart -o streamattn_sm90_micro_semantics_208b87726497ac12.so
Loading extension module streamattn_sm90_micro_semantics_208b87726497ac12...
{"stage": "checked", "case": {"batch": 1, "m": 2, "n": 64, "hq": 16, "g": 8, "splits": 1, "d": 128, "dtype": "bf16", "mask": "append"}, "passed": true}
{"stage": "case", "case": {"batch": 1, "m": 2, "n": 64, "hq": 16, "g": 8, "splits": 1, "d": 128, "dtype": "bf16", "mask": "permuted"}}
{"stage": "checked", "case": {"batch": 1, "m": 2, "n": 64, "hq": 16, "g": 8, "splits": 1, "d": 128, "dtype": "bf16", "mask": "permuted"}, "passed": true}
{"stage": "case", "case": {"batch": 1, "m": 2, "n": 64, "hq": 16, "g": 8, "splits": 1, "d": 128, "dtype": "bf16", "mask": "noncausal"}}
Detected CUDA files, patching ldflags
Emitting ninja build file /tmp/streamattn-audit-build/d128/build.ninja...
Building extension module streamattn_sm90_exact_929eb526898e...
Allowing ninja to set a default number of workers... (overridable by setting the environment variable MAX_JOBS=N)
[1/3] c++ -MMD -MF main.o.d -DTORCH_EXTENSION_NAME=streamattn_sm90_exact_929eb526898e -DTORCH_API_INCLUDE_EXTENSION_H -DPYBIND11_COMPILER_TYPE=\"_gcc\" -DPYBIND11_STDLIB=\"_libstdcpp\" -DPYBIND11_BUILD_ABI=\"_cxxabi1016\" -I/tmp/flashmla-etap/csrc/cutlass/include -isystem /opt/conda/lib/python3.11/site-packages/torch/include -isystem /opt/conda/lib/python3.11/site-packages/torch/include/torch/csrc/api/include -isystem /usr/local/cuda/include -isystem /opt/conda/include/python3.11 -D_GLIBCXX_USE_CXX11_ABI=1 -fPIC -std=c++17 -O3 -std=c++17 -c /tmp/streamattn-audit-build/d128/main.cpp -o main.o 
[2/3] /usr/local/cuda/bin/nvcc --generate-dependencies-with-compile --dependency-output cuda.cuda.o.d -DTORCH_EXTENSION_NAME=streamattn_sm90_exact_929eb526898e -DTORCH_API_INCLUDE_EXTENSION_H -DPYBIND11_COMPILER_TYPE=\"_gcc\" -DPYBIND11_STDLIB=\"_libstdcpp\" -DPYBIND11_BUILD_ABI=\"_cxxabi1016\" -I/tmp/flashmla-etap/csrc/cutlass/include -isystem /opt/conda/lib/python3.11/site-packages/torch/include -isystem /opt/conda/lib/python3.11/site-packages/torch/include/torch/csrc/api/include -isystem /usr/local/cuda/include -isystem /opt/conda/include/python3.11 -D_GLIBCXX_USE_CXX11_ABI=1 -D__CUDA_NO_HALF_OPERATORS__ -D__CUDA_NO_HALF_CONVERSIONS__ -D__CUDA_NO_BFLOAT16_CONVERSIONS__ -D__CUDA_NO_HALF2_OPERATORS__ --expt-relaxed-constexpr -gencode=arch=compute_90a,code=sm_90a --compiler-options '-fPIC' -O3 -std=c++17 --use_fast_math --expt-relaxed-constexpr --expt-extended-lambda -gencode=arch=compute_90a,code=sm_90a -c /tmp/streamattn-audit-build/d128/cuda.cu -o cuda.cuda.o 
/tmp/streamattn-audit-build/d128/cuda.cu(2086): warning #128-D: loop is not reachable
      for (int idx = threadIdx.x; idx < kBlockN * kHeadDim; idx += blockDim.x) {
      ^
          detected during:
            instantiation of "void streamattn_transposed_wgmma_exact_partial_kernel(const Element *, const Element *, const Element *, Accum *, Accum *, int, int, int, int, const int *, int, int, const int *, const int *, const int *, const int *, const int *, const int *, int) [with kPagedPageSize=16, kVariableLength=false, kNHD=false, kSelectedPaged=true, kSelectedRowLocal=true]" at line 4623
            instantiation of "void streamattn_transposed_wgmma_paged_dynamic_qhead_fragmented_impl<kNHD>(at::Tensor, at::Tensor, at::Tensor, at::Tensor, at::Tensor, at::Tensor, at::Tensor, at::Tensor, at::Tensor, at::Tensor, at::Tensor, at::Tensor, at::Tensor, at::Tensor, at::Tensor, at::Tensor, at::Tensor, at::Tensor, int64_t) [with kNHD=false]" at line 4657

Remark: The warnings can be suppressed with "-diag-suppress <warning-number>"

/tmp/streamattn-audit-build/d128/cuda.cu(2086): warning #128-D: loop is not reachable
      for (int idx = threadIdx.x; idx < kBlockN * kHeadDim; idx += blockDim.x) {
      ^
          detected during:
            instantiation of "void streamattn_transposed_wgmma_exact_partial_kernel(const Element *, const Element *, const Element *, Accum *, Accum *, int, int, int, int, const int *, int, int, const int *, const int *, const int *, const int *, const int *, const int *, int) [with kPagedPageSize=16, kVariableLength=false, kNHD=true, kSelectedPaged=true, kSelectedRowLocal=true]" at line 4623
            instantiation of "void streamattn_transposed_wgmma_paged_dynamic_qhead_fragmented_impl<kNHD>(at::Tensor, at::Tensor, at::Tensor, at::Tensor, at::Tensor, at::Tensor, at::Tensor, at::Tensor, at::Tensor, at::Tensor, at::Tensor, at::Tensor, at::Tensor, at::Tensor, at::Tensor, at::Tensor, at::Tensor, at::Tensor, int64_t) [with kNHD=true]" at line 4685

ptxas info    : (C7519) warpgroup.arrive is injected in around line 28201 by compiler to allow use of registers in GMMA in function '_Z60streamattn_transposed_wgmma_qkpv_ws_cp_async_checksum_kernelILi160EEvPKN7cutlass10bfloat16_tES3_S3_Pfiii'
ptxas info    : (C7519) warpgroup.arrive is injected in around line 28281 by compiler to allow use of registers in GMMA in function '_Z60streamattn_transposed_wgmma_qkpv_ws_cp_async_checksum_kernelILi160EEvPKN7cutlass10bfloat16_tES3_S3_Pfiii'
ptxas info    : (C7519) warpgroup.arrive is injected in around line 28357 by compiler to allow use of registers in GMMA in function '_Z60streamattn_transposed_wgmma_qkpv_ws_cp_async_checksum_kernelILi160EEvPKN7cutlass10bfloat16_tES3_S3_Pfiii'
ptxas info    : (C7519) warpgroup.arrive is injected in around line 26596 by compiler to allow use of registers in GMMA in function '_Z60streamattn_transposed_wgmma_qkpv_ws_cp_async_checksum_kernelILi128EEvPKN7cutlass10bfloat16_tES3_S3_Pfiii'
ptxas info    : (C7519) warpgroup.arrive is injected in around line 26676 by compiler to allow use of registers in GMMA in function '_Z60streamattn_transposed_wgmma_qkpv_ws_cp_async_checksum_kernelILi128EEvPKN7cutlass10bfloat16_tES3_S3_Pfiii'
ptxas info    : (C7519) warpgroup.arrive is injected in around line 26752 by compiler to allow use of registers in GMMA in function '_Z60streamattn_transposed_wgmma_qkpv_ws_cp_async_checksum_kernelILi128EEvPKN7cutlass10bfloat16_tES3_S3_Pfiii'
ptxas info    : (C7519) warpgroup.arrive is injected in around line 24991 by compiler to allow use of registers in GMMA in function '_Z60streamattn_transposed_wgmma_qkpv_ws_cp_async_checksum_kernelILi112EEvPKN7cutlass10bfloat16_tES3_S3_Pfiii'
ptxas info    : (C7519) warpgroup.arrive is injected in around line 25071 by compiler to allow use of registers in GMMA in function '_Z60streamattn_transposed_wgmma_qkpv_ws_cp_async_checksum_kernelILi112EEvPKN7cutlass10bfloat16_tES3_S3_Pfiii'
ptxas info    : (C7519) warpgroup.arrive is injected in around line 25147 by compiler to allow use of registers in GMMA in function '_Z60streamattn_transposed_wgmma_qkpv_ws_cp_async_checksum_kernelILi112EEvPKN7cutlass10bfloat16_tES3_S3_Pfiii'
ptxas info    : (C7519) warpgroup.arrive is injected in around line 23386 by compiler to allow use of registers in GMMA in function '_Z60streamattn_transposed_wgmma_qkpv_ws_cp_async_checksum_kernelILi96EEvPKN7cutlass10bfloat16_tES3_S3_Pfiii'
ptxas info    : (C7519) warpgroup.arrive is injected in around line 23466 by compiler to allow use of registers in GMMA in function '_Z60streamattn_transposed_wgmma_qkpv_ws_cp_async_checksum_kernelILi96EEvPKN7cutlass10bfloat16_tES3_S3_Pfiii'
ptxas info    : (C7519) warpgroup.arrive is injected in around line 23542 by compiler to allow use of registers in GMMA in function '_Z60streamattn_transposed_wgmma_qkpv_ws_cp_async_checksum_kernelILi96EEvPKN7cutlass10bfloat16_tES3_S3_Pfiii'
ptxas info    : (C7519) warpgroup.arrive is injected in around line 14523 by compiler to allow use of registers in GMMA in function '_Z54streamattn_transposed_wgmma_qkpv_async_checksum_kernelPKN7cutlass10bfloat16_tES2_S2_Pfiii'
ptxas info    : (C7519) warpgroup.arrive is injected in around line 14614 by compiler to allow use of registers in GMMA in function '_Z54streamattn_transposed_wgmma_qkpv_async_checksum_kernelPKN7cutlass10bfloat16_tES2_S2_Pfiii'
ptxas info    : (C7519) warpgroup.arrive is injected in around line 14691 by compiler to allow use of registers in GMMA in function '_Z54streamattn_transposed_wgmma_qkpv_async_checksum_kernelPKN7cutlass10bfloat16_tES2_S2_Pfiii'
ptxas info    : (C7519) warpgroup.arrive is injected in around line 14861 by compiler to allow use of registers in GMMA in function '_Z54streamattn_transposed_wgmma_qkpv_async_checksum_kernelPKN7cutlass10bfloat16_tES2_S2_Pfiii'
ptxas info    : (C7519) warpgroup.arrive is injected in around line 14948 by compiler to allow use of registers in GMMA in function '_Z54streamattn_transposed_wgmma_qkpv_async_checksum_kernelPKN7cutlass10bfloat16_tES2_S2_Pfiii'
ptxas info    : (C7519) warpgroup.arrive is injected in around line 15021 by compiler to allow use of registers in GMMA in function '_Z54streamattn_transposed_wgmma_qkpv_async_checksum_kernelPKN7cutlass10bfloat16_tES2_S2_Pfiii'
ptxas info    : (C7519) warpgroup.arrive is injected in around line 10828 by compiler to allow use of registers in GMMA in function '_Z53streamattn_natural_wgmma_micro_prefill_partial_kernelPKN7cutlass10bfloat16_tES2_S2_PfS3_iiiiiii'
ptxas info    : (C7519) warpgroup.arrive is injected in around line 10919 by compiler to allow use of registers in GMMA in function '_Z53streamattn_natural_wgmma_micro_prefill_partial_kernelPKN7cutlass10bfloat16_tES2_S2_PfS3_iiiiiii'
ptxas info    : (C7519) warpgroup.arrive is injected in around line 10996 by compiler to allow use of registers in GMMA in function '_Z53streamattn_natural_wgmma_micro_prefill_partial_kernelPKN7cutlass10bfloat16_tES2_S2_PfS3_iiiiiii'
ptxas info    : (C7519) warpgroup.arrive is injected in around line 7026 by compiler to allow use of registers in GMMA in function '_Z36streamattn_grouped_rs_prefill_kernelPKN7cutlass10bfloat16_tES2_S2_PS0_Pfiiiii'
ptxas info    : (C7519) warpgroup.arrive is injected in around line 7117 by compiler to allow use of registers in GMMA in function '_Z36streamattn_grouped_rs_prefill_kernelPKN7cutlass10bfloat16_tES2_S2_PS0_Pfiiiii'
ptxas info    : (C7519) warpgroup.arrive is injected in around line 7194 by compiler to allow use of registers in GMMA in function '_Z36streamattn_grouped_rs_prefill_kernelPKN7cutlass10bfloat16_tES2_S2_PS0_Pfiiiii'
ptxas info    : (C7519) warpgroup.arrive is injected in around line 988 by compiler to allow use of registers in GMMA in function '_Z39streamattn_grouped_wgmma_prefill_kernelPKN7cutlass10bfloat16_tES2_S2_PS0_Pfiiiii'
ptxas info    : (C7519) warpgroup.arrive is injected in around line 1070 by compiler to allow use of registers in GMMA in function '_Z39streamattn_grouped_wgmma_prefill_kernelPKN7cutlass10bfloat16_tES2_S2_PS0_Pfiiiii'
ptxas info    : (C7519) warpgroup.arrive is injected in around line 1148 by compiler to allow use of registers in GMMA in function '_Z39streamattn_grouped_wgmma_prefill_kernelPKN7cutlass10bfloat16_tES2_S2_PS0_Pfiiiii'
ptxas info    : (C7519) warpgroup.arrive is injected in around line 3012 by compiler to allow use of registers in GMMA in function '_Z39streamattn_grouped_wgmma_prefill_kernelPKN7cutlass10bfloat16_tES2_S2_PS0_Pfiiiii'
ptxas info    : (C7519) warpgroup.arrive is injected in around line 3090 by compiler to allow use of registers in GMMA in function '_Z39streamattn_grouped_wgmma_prefill_kernelPKN7cutlass10bfloat16_tES2_S2_PS0_Pfiiiii'
ptxas info    : (C7519) warpgroup.arrive is injected in around line 3165 by compiler to allow use of registers in GMMA in function '_Z39streamattn_grouped_wgmma_prefill_kernelPKN7cutlass10bfloat16_tES2_S2_PS0_Pfiiiii'
[3/3] c++ main.o cuda.cuda.o -shared -L/opt/conda/lib/python3.11/site-packages/torch/lib -lc10 -lc10_cuda -ltorch_cpu -ltorch_cuda -ltorch -ltorch_python -L/usr/local/cuda/lib64 -lcudart -o streamattn_sm90_exact_929eb526898e.so
Loading extension module streamattn_sm90_exact_929eb526898e...
{"stage": "checked", "case": {"batch": 1, "m": 2, "n": 64, "hq": 16, "g": 8, "splits": 1, "d": 128, "dtype": "bf16", "mask": "noncausal"}, "passed": true}
{"stage": "case", "case": {"batch": 2, "m": 3, "n": 320, "hq": 32, "g": 4, "splits": 4, "d": 128, "dtype": "bf16", "mask": "append"}}
{"stage": "checked", "case": {"batch": 2, "m": 3, "n": 320, "hq": 32, "g": 4, "splits": 4, "d": 128, "dtype": "bf16", "mask": "append"}, "passed": true}
{"stage": "case", "case": {"batch": 2, "m": 3, "n": 320, "hq": 32, "g": 4, "splits": 4, "d": 128, "dtype": "bf16", "mask": "permuted"}}
{"stage": "checked", "case": {"batch": 2, "m": 3, "n": 320, "hq": 32, "g": 4, "splits": 4, "d": 128, "dtype": "bf16", "mask": "permuted"}, "passed": true}
{"stage": "case", "case": {"batch": 2, "m": 3, "n": 320, "hq": 32, "g": 4, "splits": 4, "d": 128, "dtype": "bf16", "mask": "noncausal"}}
{"stage": "checked", "case": {"batch": 2, "m": 3, "n": 320, "hq": 32, "g": 4, "splits": 4, "d": 128, "dtype": "bf16", "mask": "noncausal"}, "passed": true}
{"stage": "case", "case": {"batch": 1, "m": 17, "n": 448, "hq": 16, "g": 8, "splits": 6, "d": 128, "dtype": "bf16", "mask": "append"}}
{"stage": "checked", "case": {"batch": 1, "m": 17, "n": 448, "hq": 16, "g": 8, "splits": 6, "d": 128, "dtype": "bf16", "mask": "append"}, "passed": true}
{"stage": "case", "case": {"batch": 1, "m": 17, "n": 448, "hq": 16, "g": 8, "splits": 6, "d": 128, "dtype": "bf16", "mask": "permuted"}}
{"stage": "checked", "case": {"batch": 1, "m": 17, "n": 448, "hq": 16, "g": 8, "splits": 6, "d": 128, "dtype": "bf16", "mask": "permuted"}, "passed": true}
{"stage": "case", "case": {"batch": 1, "m": 17, "n": 448, "hq": 16, "g": 8, "splits": 6, "d": 128, "dtype": "bf16", "mask": "noncausal"}}
{"stage": "checked", "case": {"batch": 1, "m": 17, "n": 448, "hq": 16, "g": 8, "splits": 6, "d": 128, "dtype": "bf16", "mask": "noncausal"}, "passed": true}
{"stage": "case", "case": {"batch": 2, "m": 9, "n": 320, "hq": 16, "g": 4, "splits": 5, "d": 128, "dtype": "bf16", "mask": "append"}}
{"stage": "checked", "case": {"batch": 2, "m": 9, "n": 320, "hq": 16, "g": 4, "splits": 5, "d": 128, "dtype": "bf16", "mask": "append"}, "passed": true}
{"stage": "case", "case": {"batch": 2, "m": 9, "n": 320, "hq": 16, "g": 4, "splits": 5, "d": 128, "dtype": "bf16", "mask": "permuted"}}
{"stage": "checked", "case": {"batch": 2, "m": 9, "n": 320, "hq": 16, "g": 4, "splits": 5, "d": 128, "dtype": "bf16", "mask": "permuted"}, "passed": true}
{"stage": "case", "case": {"batch": 2, "m": 9, "n": 320, "hq": 16, "g": 4, "splits": 5, "d": 128, "dtype": "bf16", "mask": "noncausal"}}
{"stage": "checked", "case": {"batch": 2, "m": 9, "n": 320, "hq": 16, "g": 4, "splits": 5, "d": 128, "dtype": "bf16", "mask": "noncausal"}, "passed": true}
{"stage": "case", "case": {"batch": 1, "m": 32, "n": 4096, "hq": 16, "g": 8, "splits": 24, "d": 128, "dtype": "bf16", "mask": "append"}}
{"stage": "checked", "case": {"batch": 1, "m": 32, "n": 4096, "hq": 16, "g": 8, "splits": 24, "d": 128, "dtype": "bf16", "mask": "append"}, "passed": true}
{"stage": "case", "case": {"batch": 1, "m": 32, "n": 4096, "hq": 16, "g": 8, "splits": 24, "d": 128, "dtype": "bf16", "mask": "permuted"}}
{"stage": "checked", "case": {"batch": 1, "m": 32, "n": 4096, "hq": 16, "g": 8, "splits": 24, "d": 128, "dtype": "bf16", "mask": "permuted"}, "passed": true}
{"stage": "case", "case": {"batch": 1, "m": 32, "n": 4096, "hq": 16, "g": 8, "splits": 24, "d": 128, "dtype": "bf16", "mask": "noncausal"}}
{"stage": "checked", "case": {"batch": 1, "m": 32, "n": 4096, "hq": 16, "g": 8, "splits": 24, "d": 128, "dtype": "bf16", "mask": "noncausal"}, "passed": true}
{"stage": "case", "case": {"batch": 1, "m": 64, "n": 4096, "hq": 16, "g": 8, "splits": 16, "d": 128, "dtype": "bf16", "mask": "append"}}
{"stage": "checked", "case": {"batch": 1, "m": 64, "n": 4096, "hq": 16, "g": 8, "splits": 16, "d": 128, "dtype": "bf16", "mask": "append"}, "passed": true}
{"stage": "case", "case": {"batch": 1, "m": 64, "n": 4096, "hq": 16, "g": 8, "splits": 16, "d": 128, "dtype": "bf16", "mask": "permuted"}}
{"stage": "checked", "case": {"batch": 1, "m": 64, "n": 4096, "hq": 16, "g": 8, "splits": 16, "d": 128, "dtype": "bf16", "mask": "permuted"}, "passed": true}
{"stage": "case", "case": {"batch": 1, "m": 64, "n": 4096, "hq": 16, "g": 8, "splits": 16, "d": 128, "dtype": "bf16", "mask": "noncausal"}}
{"stage": "checked", "case": {"batch": 1, "m": 64, "n": 4096, "hq": 16, "g": 8, "splits": 16, "d": 128, "dtype": "bf16", "mask": "noncausal"}, "passed": true}
{"stage": "case", "case": {"batch": 2, "m": 8, "n": 16384, "hq": 32, "g": 4, "splits": 32, "d": 128, "dtype": "bf16", "mask": "append"}}
{"stage": "checked", "case": {"batch": 2, "m": 8, "n": 16384, "hq": 32, "g": 4, "splits": 32, "d": 128, "dtype": "bf16", "mask": "append"}, "passed": true}
{"stage": "case", "case": {"batch": 2, "m": 8, "n": 16384, "hq": 32, "g": 4, "splits": 32, "d": 128, "dtype": "bf16", "mask": "permuted"}}
{"stage": "checked", "case": {"batch": 2, "m": 8, "n": 16384, "hq": 32, "g": 4, "splits": 32, "d": 128, "dtype": "bf16", "mask": "permuted"}, "passed": true}
{"stage": "case", "case": {"batch": 2, "m": 8, "n": 16384, "hq": 32, "g": 4, "splits": 32, "d": 128, "dtype": "bf16", "mask": "noncausal"}}
{"stage": "checked", "case": {"batch": 2, "m": 8, "n": 16384, "hq": 32, "g": 4, "splits": 32, "d": 128, "dtype": "bf16", "mask": "noncausal"}, "passed": true}
{"schema": "streamattn.sm90_micro_prefill_semantics.v1", "complete": true, "provider": "lightning", "seed": 6107, "torch_version": "2.7.1+cu128", "cuda_version": "12.8", "device": "NVIDIA H100 80GB HBM3", "planned_cases": 84, "rows": [{"case": {"batch": 1, "m": 2, "n": 64, "hq": 16, "g": 8, "splits": 1, "d": 64, "dtype": "fp16", "mask": "append"}, "families": {"transposed": {"eager": {"passed": true, "max_abs": 0.0002551078796386719, "lse_max_abs": 4.76837158203125e-07, "empty_lse_match": true, "empty_output_zero": true, "atol": 0.003, "rtol": 0.003}, "workspace_bytes": 8320, "complete_graph_us": [6.622719764709473, 6.558719873428345, 6.568319797515869], "mutated_graph": {"passed": true, "max_abs": 0.000599980354309082, "lse_max_abs": 1.9073486328125e-06, "empty_lse_match": true, "empty_output_zero": true, "atol": 0.003, "rtol": 0.003}}, "natural": {"eager": {"passed": true, "max_abs": 0.0002551078796386719, "lse_max_abs": 4.76837158203125e-07, "empty_lse_match": true, "empty_output_zero": true, "atol": 0.003, "rtol": 0.003}, "workspace_bytes": 33280, "complete_graph_us": [11.91167950630188, 11.861759424209595, 11.843839883804321], "mutated_graph": {"passed": true, "max_abs": 0.000599980354309082, "lse_max_abs": 1.9073486328125e-06, "empty_lse_match": true, "empty_output_zero": true, "atol": 0.003, "rtol": 0.003}}}, "passed": true}, {"case": {"batch": 1, "m": 2, "n": 64, "hq": 16, "g": 8, "splits": 1, "d": 64, "dtype": "fp16", "mask": "permuted"}, "families": {"transposed": {"eager": {"passed": true, "max_abs": 0.0, "lse_max_abs": 3.5762786865234375e-07, "empty_lse_match": true, "empty_output_zero": true, "atol": 0.003, "rtol": 0.003}, "workspace_bytes": 8320, "complete_graph_us": [6.611840128898621, 6.542080044746399, 6.550400257110596], "mutated_graph": {"passed": true, "max_abs": 0.0, "lse_max_abs": 1.1920928955078125e-06, "empty_lse_match": true, "empty_output_zero": true, "atol": 0.003, "rtol": 0.003}}, "natural": {"eager": {"passed": true, "max_abs": 0.0, "lse_max_abs": 3.5762786865234375e-07, "empty_lse_match": true, "empty_output_zero": true, "atol": 0.003, "rtol": 0.003}, "workspace_bytes": 33280, "complete_graph_us": [12.138880491256714, 12.08448052406311, 12.05888032913208], "mutated_graph": {"passed": true, "max_abs": 0.0, "lse_max_abs": 1.1920928955078125e-06, "empty_lse_match": true, "empty_output_zero": true, "atol": 0.003, "rtol": 0.003}}}, "passed": true}, {"case": {"batch": 1, "m": 2, "n": 64, "hq": 16, "g": 8, "splits": 1, "d": 64, "dtype": "fp16", "mask": "noncausal"}, "families": {"transposed": {"eager": {"passed": true, "max_abs": 0.0002250075340270996, "lse_max_abs": 4.76837158203125e-07, "empty_lse_match": true, "empty_output_zero": true, "atol": 0.003, "rtol": 0.003}, "workspace_bytes": 8320, "complete_graph_us": [6.80512011051178, 6.752640008926392, 6.718720197677612], "mutated_graph": {"passed": true, "max_abs": 0.0006157159805297852, "lse_max_abs": 1.9073486328125e-06, "empty_lse_match": true, "empty_output_zero": true, "atol": 0.003, "rtol": 0.003}}, "natural": {"eager": {"passed": true, "max_abs": 0.0002250075340270996, "lse_max_abs": 4.76837158203125e-07, "empty_lse_match": true, "empty_output_zero": true, "atol": 0.003, "rtol": 0.003}, "workspace_bytes": 33280, "complete_graph_us": [9.478399753570557, 9.434239864349365, 9.403520226478577], "mutated_graph": {"passed": true, "max_abs": 0.0006157159805297852, "lse_max_abs": 1.9073486328125e-06, "empty_lse_match": true, "empty_output_zero": true, "atol": 0.003, "rtol": 0.003}}}, "passed": true}, {"case": {"batch": 2, "m": 3, "n": 320, "hq": 32, "g": 4, "splits": 4, "d": 64, "dtype": "fp16", "mask": "append"}, "families": {"transposed": {"eager": {"passed": true, "max_abs": 0.00021660327911376953, "lse_max_abs": 9.5367431640625e-07, "empty_lse_match": true, "empty_output_zero": true, "atol": 0.003, "rtol": 0.003}, "workspace_bytes": 399360, "complete_graph_us": [8.512639999389648, 8.460800051689148, 8.424959778785706], "mutated_graph": {"passed": true, "max_abs": 0.0009708404541015625, "lse_max_abs": 2.86102294921875e-06, "empty_lse_match": true, "empty_output_zero": true, "atol": 0.003, "rtol": 0.003}}, "natural": {"eager": {"passed": true, "max_abs": 0.00021660327911376953, "lse_max_abs": 9.5367431640625e-07, "empty_lse_match": true, "empty_output_zero": true, "atol": 0.003, "rtol": 0.003}, "workspace_bytes": 1064960, "complete_graph_us": [16.63424015045166, 16.595200300216675, 16.56767964363098], "mutated_graph": {"passed": true, "max_abs": 0.0009708404541015625, "lse_max_abs": 2.86102294921875e-06, "empty_lse_match": true, "empty_output_zero": true, "atol": 0.003, "rtol": 0.003}}}, "passed": true}, {"case": {"batch": 2, "m": 3, "n": 320, "hq": 32, "g": 4, "splits": 4, "d": 64, "dtype": "fp16", "mask": "permuted"}, "families": {"transposed": {"eager": {"passed": true, "max_abs": 0.00030434131622314453, "lse_max_abs": 9.5367431640625e-07, "empty_lse_match": true, "empty_output_zero": true, "atol": 0.003, "rtol": 0.003}, "workspace_bytes": 399360, "complete_graph_us": [8.543360233306885, 8.435199856758118, 8.4307199716568], "mutated_graph": {"passed": true, "max_abs": 0.0009529590606689453, "lse_max_abs": 2.86102294921875e-06, "empty_lse_match": true, "empty_output_zero": true, "atol": 0.003, "rtol": 0.003}}, "natural": {"eager": {"passed": true, "max_abs": 0.00030434131622314453, "lse_max_abs": 9.5367431640625e-07, "empty_lse_match": true, "empty_output_zero": true, "atol": 0.003, "rtol": 0.003}, "workspace_bytes": 1064960, "complete_graph_us": [16.629760265350342, 16.571520566940308, 16.54207944869995], "mutated_graph": {"passed": true, "max_abs": 0.0009529590606689453, "lse_max_abs": 2.86102294921875e-06, "empty_lse_match": true, "empty_output_zero": true, "atol": 0.003, "rtol": 0.003}}}, "passed": true}, {"case": {"batch": 2, "m": 3, "n": 320, "hq": 32, "g": 4, "splits": 4, "d": 64, "dtype": "fp16", "mask": "noncausal"}, "families": {"transposed": {"eager": {"passed": true, "max_abs": 0.00021660327911376953, "lse_max_abs": 9.5367431640625e-07, "empty_lse_match": true, "empty_output_zero": true, "atol": 0.003, "rtol": 0.003}, "workspace_bytes": 399360, "complete_graph_us": [7.930240035057068, 7.877119779586793, 7.869439721107484], "mutated_graph": {"passed": true, "max_abs": 0.0009708404541015625, "lse_max_abs": 2.86102294921875e-06, "empty_lse_match": true, "empty_output_zero": true, "atol": 0.003, "rtol": 0.003}}, "natural": {"eager": {"passed": true, "max_abs": 0.00021660327911376953, "lse_max_abs": 9.5367431640625e-07, "empty_lse_match": true, "empty_output_zero": true, "atol": 0.003, "rtol": 0.003}, "workspace_bytes": 1064960, "complete_graph_us": [10.657919645309448, 10.573439598083496, 10.59008002281189], "mutated_graph": {"passed": true, "max_abs": 0.0009708404541015625, "lse_max_abs": 3.814697265625e-06, "empty_lse_match": true, "empty_output_zero": true, "atol": 0.003, "rtol": 0.003}}}, "passed": true}, {"case": {"batch": 1, "m": 17, "n": 448, "hq": 16, "g": 8, "splits": 6, "d": 64, "dtype": "fp16", "mask": "append"}, "families": {"transposed": {"eager": {"passed": true, "max_abs": 0.00011724233627319336, "lse_max_abs": 9.5367431640625e-07, "empty_lse_match": true, "empty_output_zero": true, "atol": 0.003, "rtol": 0.003}, "workspace_bytes": 424320, "complete_graph_us": [9.121919870376587, 9.077759981155396, 9.04703974723816], "mutated_graph": {"passed": true, "max_abs": 0.0009548664093017578, "lse_max_abs": 4.76837158203125e-06, "empty_lse_match": true, "empty_output_zero": true, "atol": 0.003, "rtol": 0.003}}, "natural": {"eager": {"passed": true, "max_abs": 0.0001417100429534912, "lse_max_abs": 9.5367431640625e-07, "empty_lse_match": true, "empty_output_zero": true, "atol": 0.003, "rtol": 0.003}, "workspace_bytes": 599040, "complete_graph_us": [17.27679967880249, 17.242239713668823, 17.223680019378662], "mutated_graph": {"passed": true, "max_abs": 0.0009548664093017578, "lse_max_abs": 4.76837158203125e-06, "empty_lse_match": true, "empty_output_zero": true, "atol": 0.003, "rtol": 0.003}}}, "passed": true}, {"case": {"batch": 1, "m": 17, "n": 448, "hq": 16, "g": 8, "splits": 6, "d": 64, "dtype": "fp16", "mask": "permuted"}, "families": {"transposed": {"eager": {"passed": true, "max_abs": 0.0002658367156982422, "lse_max_abs": 9.5367431640625e-07, "empty_lse_match": true, "empty_output_zero": true, "atol": 0.003, "rtol": 0.003}, "workspace_bytes": 424320, "complete_graph_us": [9.071999788284302, 9.027199745178223, 8.974080085754395], "mutated_graph": {"passed": true, "max_abs": 0.0009520053863525391, "lse_max_abs": 2.86102294921875e-06, "empty_lse_match": true, "empty_output_zero": true, "atol": 0.003, "rtol": 0.003}}, "natural": {"eager": {"passed": true, "max_abs": 0.0002658367156982422, "lse_max_abs": 9.5367431640625e-07, "empty_lse_match": true, "empty_output_zero": true, "atol": 0.003, "rtol": 0.003}, "workspace_bytes": 599040, "complete_graph_us": [17.416319847106934, 17.140480279922485, 17.128959894180298], "mutated_graph": {"passed": true, "max_abs": 0.0009520053863525391, "lse_max_abs": 3.814697265625e-06, "empty_lse_match": true, "empty_output_zero": true, "atol": 0.003, "rtol": 0.003}}}, "passed": true}, {"case": {"batch": 1, "m": 17, "n": 448, "hq": 16, "g": 8, "splits": 6, "d": 64, "dtype": "fp16", "mask": "noncausal"}, "families": {"transposed": {"eager": {"passed": true, "max_abs": 0.00013878941535949707, "lse_max_abs": 9.5367431640625e-07, "empty_lse_match": true, "empty_output_zero": true, "atol": 0.003, "rtol": 0.003}, "workspace_bytes": 424320, "complete_graph_us": [8.519039750099182, 8.450559973716736, 8.46015989780426], "mutated_graph": {"passed": true, "max_abs": 0.0009677410125732422, "lse_max_abs": 3.814697265625e-06, "empty_lse_match": true, "empty_output_zero": true, "atol": 0.003, "rtol": 0.003}}, "natural": {"eager": {"passed": true, "max_abs": 0.00013062357902526855, "lse_max_abs": 9.5367431640625e-07, "empty_lse_match": true, "empty_output_zero": true, "atol": 0.003, "rtol": 0.003}, "workspace_bytes": 599040, "complete_graph_us": [11.218559741973877, 11.167999505996704, 11.1353600025177], "mutated_graph": {"passed": true, "max_abs": 0.0009677410125732422, "lse_max_abs": 3.814697265625e-06, "empty_lse_match": true, "empty_output_zero": true, "atol": 0.003, "rtol": 0.003}}}, "passed": true}, {"case": {"batch": 2, "m": 9, "n": 320, "hq": 16, "g": 4, "splits": 5, "d": 64, "dtype": "fp16", "mask": "append"}, "families": {"transposed": {"eager": {"passed": true, "max_abs": 0.00014644861221313477, "lse_max_abs": 9.5367431640625e-07, "empty_lse_match": true, "empty_output_zero": true, "atol": 0.003, "rtol": 0.003}, "workspace_bytes": 748800, "complete_graph_us": [7.99615979194641, 7.962239980697632, 7.930880188941956], "mutated_graph": {"passed": true, "max_abs": 0.0009515285491943359, "lse_max_abs": 2.86102294921875e-06, "empty_lse_match": true, "empty_output_zero": true, "atol": 0.003, "rtol": 0.003}}, "natural": {"eager": {"passed": true, "max_abs": 0.00014644861221313477, "lse_max_abs": 9.5367431640625e-07, "empty_lse_match": true, "empty_output_zero": true, "atol": 0.003, "rtol": 0.003}, "workspace_bytes": 665600, "complete_graph_us": [13.196799755096436, 13.150719404220581, 13.124480247497559], "mutated_graph": {"passed": true, "max_abs": 0.0009515285491943359, "lse_max_abs": 4.76837158203125e-06, "empty_lse_match": true, "empty_output_zero": true, "atol": 0.003, "rtol": 0.003}}}, "passed": true}, {"case": {"batch": 2, "m": 9, "n": 320, "hq": 16, "g": 4, "splits": 5, "d": 64, "dtype": "fp16", "mask": "permuted"}, "families": {"transposed": {"eager": {"passed": true, "max_abs": 0.0002499222755432129, "lse_max_abs": 9.5367431640625e-07, "empty_lse_match": true, "empty_output_zero": true, "atol": 0.003, "rtol": 0.003}, "workspace_bytes": 748800, "complete_graph_us": [8.160640001296997, 8.094080090522766, 8.104959726333618], "mutated_graph": {"passed": true, "max_abs": 0.0009629726409912109, "lse_max_abs": 3.814697265625e-06, "empty_lse_match": true, "empty_output_zero": true, "atol": 0.003, "rtol": 0.003}}, "natural": {"eager": {"passed": true, "max_abs": 0.0002499222755432129, "lse_max_abs": 9.5367431640625e-07, "empty_lse_match": true, "empty_output_zero": true, "atol": 0.003, "rtol": 0.003}, "workspace_bytes": 665600, "complete_graph_us": [13.51680040359497, 13.459839820861816, 13.445760011672974], "mutated_graph": {"passed": true, "max_abs": 0.0009629726409912109, "lse_max_abs": 3.814697265625e-06, "empty_lse_match": true, "empty_output_zero": true, "atol": 0.003, "rtol": 0.003}}}, "passed": true}, {"case": {"batch": 2, "m": 9, "n": 320, "hq": 16, "g": 4, "splits": 5, "d": 64, "dtype": "fp16", "mask": "noncausal"}, "families": {"transposed": {"eager": {"passed": true, "max_abs": 0.00014954805374145508, "lse_max_abs": 9.5367431640625e-07, "empty_lse_match": true, "empty_output_zero": true, "atol": 0.003, "rtol": 0.003}, "workspace_bytes": 748800, "complete_graph_us": [7.868800163269043, 7.816960215568542, 7.7702397108078], "mutated_graph": {"passed": true, "max_abs": 0.0009706020355224609, "lse_max_abs": 3.814697265625e-06, "empty_lse_match": true, "empty_output_zero": true, "atol": 0.003, "rtol": 0.003}}, "natural": {"eager": {"passed": true, "max_abs": 0.00014954805374145508, "lse_max_abs": 9.5367431640625e-07, "empty_lse_match": true, "empty_output_zero": true, "atol": 0.003, "rtol": 0.003}, "workspace_bytes": 665600, "complete_graph_us": [10.557440519332886, 10.513279438018799, 10.481280088424683], "mutated_graph": {"passed": true, "max_abs": 0.0009706020355224609, "lse_max_abs": 5.7220458984375e-06, "empty_lse_match": true, "empty_output_zero": true, "atol": 0.003, "rtol": 0.003}}}, "passed": true}, {"case": {"batch": 1, "m": 32, "n": 4096, "hq": 16, "g": 8, "splits": 24, "d": 64, "dtype": "fp16", "mask": "append"}, "families": {"transposed": {"eager": {"passed": true, "max_abs": 4.044920206069946e-05, "lse_max_abs": 9.5367431640625e-07, "empty_lse_match": true, "empty_output_zero": true, "atol": 0.003, "rtol": 0.003}, "workspace_bytes": 3194880, "complete_graph_us": [21.383039951324463, 21.444480419158936, 21.337599754333496], "mutated_graph": {"passed": true, "max_abs": 0.0008397102355957031, "lse_max_abs": 2.86102294921875e-06, "empty_lse_match": true, "empty_output_zero": true, "atol": 0.003, "rtol": 0.003}}, "natural": {"eager": {"passed": true, "max_abs": 4.3369829654693604e-05, "lse_max_abs": 9.5367431640625e-07, "empty_lse_match": true, "empty_output_zero": true, "atol": 0.003, "rtol": 0.003}, "workspace_bytes": 3194880, "complete_graph_us": [24.440319538116455, 24.377601146697998, 24.37056064605713], "mutated_graph": {"passed": true, "max_abs": 0.0008397102355957031, "lse_max_abs": 2.86102294921875e-06, "empty_lse_match": true, "empty_output_zero": true, "atol": 0.003, "rtol": 0.003}}}, "passed": true}, {"case": {"batch": 1, "m": 32, "n": 4096, "hq": 16, "g": 8, "splits": 24, "d": 64, "dtype": "fp16", "mask": "permuted"}, "families": {"transposed": {"eager": {"passed": true, "max_abs": 0.00028568506240844727, "lse_max_abs": 9.5367431640625e-07, "empty_lse_match": true, "empty_output_zero": true, "atol": 0.003, "rtol": 0.003}, "workspace_bytes": 3194880, "complete_graph_us": [21.354880332946777, 21.281919479370117, 21.288959980010986], "mutated_graph": {"passed": true, "max_abs": 0.0007944107055664062, "lse_max_abs": 2.86102294921875e-06, "empty_lse_match": true, "empty_output_zero": true, "atol": 0.003, "rtol": 0.003}}, "natural": {"eager": {"passed": true, "max_abs": 0.00028568506240844727, "lse_max_abs": 9.5367431640625e-07, "empty_lse_match": true, "empty_output_zero": true, "atol": 0.003, "rtol": 0.003}, "workspace_bytes": 3194880, "complete_graph_us": [24.574720859527588, 24.508159160614014, 24.523520469665527], "mutated_graph": {"passed": true, "max_abs": 0.0007944107055664062, "lse_max_abs": 2.86102294921875e-06, "empty_lse_match": true, "empty_output_zero": true, "atol": 0.003, "rtol": 0.003}}}, "passed": true}, {"case": {"batch": 1, "m": 32, "n": 4096, "hq": 16, "g": 8, "splits": 24, "d": 64, "dtype": "fp16", "mask": "noncausal"}, "families": {"transposed": {"eager": {"passed": true, "max_abs": 3.936886787414551e-05, "lse_max_abs": 9.5367431640625e-07, "empty_lse_match": true, "empty_output_zero": true, "atol": 0.003, "rtol": 0.003}, "workspace_bytes": 3194880, "complete_graph_us": [18.647040128707886, 18.602880239486694, 18.614
399433135986], "mutated_graph": {"passed": true, "max_abs": 0.0008919239044189453, "lse_max_abs": 2.86102294921875e-06, "empty_lse_match": true, "empty_output_zero": true, "atol": 0.003, "rtol": 0.003}}, "natural": {"eager": {"passed": true, "max_abs": 3.7901103496551514e-05, "lse_max_abs": 9.5367431640625e-07, "empty_lse_match": true, "empty_output_zero": true, "atol": 0.003, "rtol": 0.003}, "workspace_bytes": 3194880, "complete_graph_us": [15.808000564575195, 15.709439516067503, 15.718400478363037], "mutated_graph": {"passed": true, "max_abs": 0.0008919239044189453, "lse_max_abs": 3.814697265625e-06, "empty_lse_match": true, "empty_output_zero": true, "atol": 0.003, "rtol": 0.003}}}, "passed": true}, {"case": {"batch": 1, "m": 64, "n": 4096, "hq": 16, "g": 8, "splits": 16, "d": 64, "dtype": "fp16", "mask": "append"}, "families": {"transposed": {"eager": {"passed": true, "max_abs": 3.8929283618927e-05, "lse_max_abs": 9.5367431640625e-07, "empty_lse_match": true, "empty_output_zero": true, "atol": 0.003, "rtol": 0.003}, "workspace_bytes": 4259840, "complete_graph_us": [32.14656114578247, 32.062718868255615, 32.128639221191406], "mutated_graph": {"passed": true, "max_abs": 0.0009610652923583984, "lse_max_abs": 3.814697265625e-06, "empty_lse_match": true, "empty_output_zero": true, "atol": 0.003, "rtol": 0.003}}, "natural": {"eager": {"passed": true, "max_abs": 3.8929283618927e-05, "lse_max_abs": 9.5367431640625e-07, "empty_lse_match": true, "empty_output_zero": true, "atol": 0.003, "rtol": 0.003}, "workspace_bytes": 4259840, "complete_graph_us": [29.799039363861084, 29.772799015045166, 29.745919704437256], "mutated_graph": {"passed": true, "max_abs": 0.0009610652923583984, "lse_max_abs": 3.814697265625e-06, "empty_lse_match": true, "empty_output_zero": true, "atol": 0.003, "rtol": 0.003}}}, "passed": true}, {"case": {"batch": 1, "m": 64, "n": 4096, "hq": 16, "g": 8, "splits": 16, "d": 64, "dtype": "fp16", "mask": "permuted"}, "families": {"transposed": {"eager": {"passed": true, "max_abs": 0.0002460479736328125, "lse_max_abs": 9.5367431640625e-07, "empty_lse_match": true, "empty_output_zero": true, "atol": 0.003, "rtol": 0.003}, "workspace_bytes": 4259840, "complete_graph_us": [31.99552059173584, 32.03007936477661, 32.02048063278198], "mutated_graph": {"passed": true, "max_abs": 0.0009496212005615234, "lse_max_abs": 2.86102294921875e-06, "empty_lse_match": true, "empty_output_zero": true, "atol": 0.003, "rtol": 0.003}}, "natural": {"eager": {"passed": true, "max_abs": 0.0002460479736328125, "lse_max_abs": 9.5367431640625e-07, "empty_lse_match": true, "empty_output_zero": true, "atol": 0.003, "rtol": 0.003}, "workspace_bytes": 4259840, "complete_graph_us": [29.74720001220703, 29.669759273529053, 29.676799774169922], "mutated_graph": {"passed": true, "max_abs": 0.0009496212005615234, "lse_max_abs": 2.86102294921875e-06, "empty_lse_match": true, "empty_output_zero": true, "atol": 0.003, "rtol": 0.003}}}, "passed": true}, {"case": {"batch": 1, "m": 64, "n": 4096, "hq": 16, "g": 8, "splits": 16, "d": 64, "dtype": "fp16", "mask": "noncausal"}, "families": {"transposed": {"eager": {"passed": true, "max_abs": 4.140287637710571e-05, "lse_max_abs": 9.5367431640625e-07, "empty_lse_match": true, "empty_output_zero": true, "atol": 0.003, "rtol": 0.003}, "workspace_bytes": 4259840, "complete_graph_us": [27.334399223327637, 27.31775999069214, 27.312641143798828], "mutated_graph": {"passed": true, "max_abs": 0.0009238719940185547, "lse_max_abs": 3.814697265625e-06, "empty_lse_match": true, "empty_output_zero": true, "atol": 0.003, "rtol": 0.003}}, "natural": {"eager": {"passed": true, "max_abs": 4.140287637710571e-05, "lse_max_abs": 9.5367431640625e-07, "empty_lse_match": true, "empty_output_zero": true, "atol": 0.003, "rtol": 0.003}, "workspace_bytes": 4259840, "complete_graph_us": [18.025599718093872, 17.982720136642456, 17.963520288467407], "mutated_graph": {"passed": true, "max_abs": 0.0009238719940185547, "lse_max_abs": 3.814697265625e-06, "empty_lse_match": true, "empty_output_zero": true, "atol": 0.003, "rtol": 0.003}}}, "passed": true}, {"case": {"batch": 2, "m": 8, "n": 16384, "hq": 32, "g": 4, "splits": 32, "d": 64, "dtype": "fp16", "mask": "append"}, "families": {"transposed": {"eager": {"passed": true, "max_abs": 1.920759677886963e-05, "lse_max_abs": 9.5367431640625e-07, "empty_lse_match": true, "empty_output_zero": true, "atol": 0.003, "rtol": 0.003}, "workspace_bytes": 8519680, "complete_graph_us": [109.83039855957031, 109.85919952392578, 109.77215766906738], "mutated_graph": {"passed": true, "max_abs": 0.0004856586456298828, "lse_max_abs": 3.814697265625e-06, "empty_lse_match": true, "empty_output_zero": true, "atol": 0.003, "rtol": 0.003}}, "natural": {"eager": {"passed": true, "max_abs": 1.920759677886963e-05, "lse_max_abs": 9.5367431640625e-07, "empty_lse_match": true, "empty_output_zero": true, "atol": 0.003, "rtol": 0.003}, "workspace_bytes": 8519680, "complete_graph_us": [70.12671947479248, 70.05375862121582, 70.20544052124023], "mutated_graph": {"passed": true, "max_abs": 0.0004856586456298828, "lse_max_abs": 3.814697265625e-06, "empty_lse_match": true, "empty_output_zero": true, "atol": 0.003, "rtol": 0.003}}}, "passed": true}, {"case": {"batch": 2, "m": 8, "n": 16384, "hq": 32, "g": 4, "splits": 32, "d": 64, "dtype": "fp16", "mask": "permuted"}, "families": {"transposed": {"eager": {"passed": true, "max_abs": 0.0002662539482116699, "lse_max_abs": 9.5367431640625e-07, "empty_lse_match": true, "empty_output_zero": true, "atol": 0.003, "rtol": 0.003}, "workspace_bytes": 8519680, "complete_graph_us": [109.78495597839355, 109.80095863342285, 109.38559532165527], "mutated_graph": {"passed": true, "max_abs": 0.0009872913360595703, "lse_max_abs": 3.814697265625e-06, "empty_lse_match": true, "empty_output_zero": true, "atol": 0.003, "rtol": 0.003}}, "natural": {"eager": {"passed": true, "max_abs": 0.0002662539482116699, "lse_max_abs": 9.5367431640625e-07, "empty_lse_match": true, "empty_output_zero": true, "atol": 0.003, "rtol": 0.003}, "workspace_bytes": 8519680, "complete_graph_us": [71.94943904876709, 71.76064014434814, 71.82720184326172], "mutated_graph": {"passed": true, "max_abs": 0.0009872913360595703, "lse_max_abs": 3.814697265625e-06, "empty_lse_match": true, "empty_output_zero": true, "atol": 0.003, "rtol": 0.003}}}, "passed": true}, {"case": {"batch": 2, "m": 8, "n": 16384, "hq": 32, "g": 4, "splits": 32, "d": 64, "dtype": "fp16", "mask": "noncausal"}, "families": {"transposed": {"eager": {"passed": true, "max_abs": 2.078339457511902e-05, "lse_max_abs": 9.5367431640625e-07, "empty_lse_match": true, "empty_output_zero": true, "atol": 0.003, "rtol": 0.003}, "workspace_bytes": 8519680, "complete_graph_us": [97.30879783630371, 97.19231605529785, 97.12575912475586], "mutated_graph": {"passed": true, "max_abs": 0.0004868507385253906, "lse_max_abs": 3.814697265625e-06, "empty_lse_match": true, "empty_output_zero": true, "atol": 0.003, "rtol": 0.003}}, "natural": {"eager": {"passed": true, "max_abs": 2.078339457511902e-05, "lse_max_abs": 9.5367431640625e-07, "empty_lse_match": true, "empty_output_zero": true, "atol": 0.003, "rtol": 0.003}, "workspace_bytes": 8519680, "complete_graph_us": [43.016958236694336, 42.85696029663086, 42.952961921691895], "mutated_graph": {"passed": true, "max_abs": 0.0004868507385253906, "lse_max_abs": 3.814697265625e-06, "empty_lse_match": true, "empty_output_zero": true, "atol": 0.003, "rtol": 0.003}}}, "passed": true}, {"case": {"batch": 1, "m": 2, "n": 64, "hq": 16, "g": 8, "splits": 1, "d": 64, "dtype": "bf16", "mask": "append"}, "families": {"transposed": {"eager": {"passed": true, "max_abs": 0.0029026269912719727, "lse_max_abs": 4.76837158203125e-07, "empty_lse_match": true, "empty_output_zero": true, "atol": 0.02, "rtol": 0.02}, "workspace_bytes": 8320, "complete_graph_us": [7.009919881820679, 6.936320066452026, 6.907520294189453], "mutated_graph": {"passed": true, "max_abs": 0.0045566558837890625, "lse_max_abs": 9.5367431640625e-07, "empty_lse_match": true, "empty_output_zero": true, "atol": 0.02, "rtol": 0.02}}, "natural": {"eager": {"passed": true, "max_abs": 0.0029026269912719727, "lse_max_abs": 4.76837158203125e-07, "empty_lse_match": true, "empty_output_zero": true, "atol": 0.02, "rtol": 0.02}, "workspace_bytes": 33280, "complete_graph_us": [13.26848030090332, 13.215359449386597, 13.21984052658081], "mutated_graph": {"passed": true, "max_abs": 0.0045566558837890625, "lse_max_abs": 9.5367431640625e-07, "empty_lse_match": true, "empty_output_zero": true, "atol": 0.02, "rtol": 0.02}}}, "passed": true}, {"case": {"batch": 1, "m": 2, "n": 64, "hq": 16, "g": 8, "splits": 1, "d": 64, "dtype": "bf16", "mask": "permuted"}, "families": {"transposed": {"eager": {"passed": true, "max_abs": 0.0, "lse_max_abs": 2.384185791015625e-07, "empty_lse_match": true, "empty_output_zero": true, "atol": 0.02, "rtol": 0.02}, "workspace_bytes": 8320, "complete_graph_us": [6.838399767875671, 6.7743998765945435, 6.783999800682068], "mutated_graph": {"passed": true, "max_abs": 0.0, "lse_max_abs": 4.76837158203125e-07, "empty_lse_match": true, "empty_output_zero": true, "atol": 0.02, "rtol": 0.02}}, "natural": {"eager": {"passed": true, "max_abs": 0.0, "lse_max_abs": 2.384185791015625e-07, "empty_lse_match": true, "empty_output_zero": true, "atol": 0.02, "rtol": 0.02}, "workspace_bytes": 33280, "complete_graph_us": [13.207039833068848, 13.151359558105469, 13.175679445266724], "mutated_graph": {"passed": true, "max_abs": 0.0, "lse_max_abs": 4.76837158203125e-07, "empty_lse_match": true, "empty_output_zero": true, "atol": 0.02, "rtol": 0.02}}}, "passed": true}, {"case": {"batch": 1, "m": 2, "n": 64, "hq": 16, "g": 8, "splits": 1, "d": 64, "dtype": "bf16", "mask": "noncausal"}, "families": {"transposed": {"eager": {"passed": true, "max_abs": 0.0029026269912719727, "lse_max_abs": 4.76837158203125e-07, "empty_lse_match": true, "empty_output_zero": true, "atol": 0.02, "rtol": 0.02}, "workspace_bytes": 8320, "complete_graph_us": [6.5011197328567505, 6.4582401514053345, 6.417919993400574], "mutated_graph": {"passed": true, "max_abs": 0.0045566558837890625, "lse_max_abs": 9.5367431640625e-07, "empty_lse_match": true, "empty_output_zero": true, "atol": 0.02, "rtol": 0.02}}, "natural": {"eager": {"passed": true, "max_abs": 0.0029026269912719727, "lse_max_abs": 4.76837158203125e-07, "empty_lse_match": true, "empty_output_zero": true, "atol": 0.02, "rtol": 0.02}, "workspace_bytes": 33280, "complete_graph_us": [10.274560451507568, 10.240639448165894, 10.20799994468689], "mutated_graph": {"passed": true, "max_abs": 0.0045566558837890625, "lse_max_abs": 9.5367431640625e-07, "empty_lse_match": true, "empty_output_zero": true, "atol": 0.02, "rtol": 0.02}}}, "passed": true}, {"case": {"batch": 2, "m": 3, "n": 320, "hq": 32, "g": 4, "splits": 4, "d": 64, "dtype": "bf16", "mask": "append"}, "families": {"transposed": {"eager": {"passed": true, "max_abs": 0.0018014907836914062, "lse_max_abs": 9.5367431640625e-07, "empty_lse_match": true, "empty_output_zero": true, "atol": 0.02, "rtol": 0.02}, "workspace_bytes": 399360, "complete_graph_us": [8.124799728393555, 8.071039915084839, 8.078719973564148], "mutated_graph": {"passed": true, "max_abs": 0.0074808597564697266, "lse_max_abs": 1.9073486328125e-06, "empty_lse_match": true, "empty_output_zero": true, "atol": 0.02, "rtol": 0.02}}, "natural": {"eager": {"passed": true, "max_abs": 0.0018014907836914062, "lse_max_abs": 9.5367431640625e-07, "empty_lse_match": true, "empty_output_zero": true, "atol": 0.02, "rtol": 0.02}, "workspace_bytes": 1064960, "complete_graph_us": [17.575680017471313, 17.519999742507935, 17.503360509872437], "mutated_graph": {"passed": true, "max_abs": 0.0074808597564697266, "lse_max_abs": 1.9073486328125e-06, "empty_lse_match": true, "empty_output_zero": true, "atol": 0.02, "rtol": 0.02}}}, "passed": true}, {"case": {"batch": 2, "m": 3, "n": 320, "hq": 32, "g": 4, "splits": 4, "d": 64, "dtype": "bf16", "mask": "permuted"}, "families": {"transposed": {"eager": {"passed": true, "max_abs": 0.002858400344848633, "lse_max_abs": 4.76837158203125e-07, "empty_lse_match": true, "empty_output_zero": true, "atol": 0.02, "rtol": 0.02}, "workspace_bytes": 399360, "complete_graph_us": [8.28224003314972, 8.242560029029846, 8.201599717140198], "mutated_graph": {"passed": true, "max_abs": 0.007779836654663086, "lse_max_abs": 1.9073486328125e-06, "empty_lse_match": true, "empty_output_zero": true, "atol": 0.02, "rtol": 0.02}}, "natural": {"eager": {"passed": true, "max_abs": 0.002858400344848633, "lse_max_abs": 4.76837158203125e-07, "empty_lse_match": true, "empty_output_zero": true, "atol": 0.02, "rtol": 0.02}, "workspace_bytes": 1064960, "complete_graph_us": [17.5929594039917, 17.56224036216736, 17.547520399093628], "mutated_graph": {"passed": true, "max_abs": 0.007779836654663086, "lse_max_abs": 1.9073486328125e-06, "empty_lse_match": true, "empty_output_zero": true, "atol": 0.02, "rtol": 0.02}}}, "passed": true}, {"case": {"batch": 2, "m": 3, "n": 320, "hq": 32, "g": 4, "splits": 4, "d": 64, "dtype": "bf16", "mask": "noncausal"}, "families": {"transposed": {"eager": {"passed": true, "max_abs": 0.0018014907836914062, "lse_max_abs": 9.5367431640625e-07, "empty_lse_match": true, "empty_output_zero": true, "atol": 0.02, "rtol": 0.02}, "workspace_bytes": 399360, "complete_graph_us": [7.857919931411742, 7.827839851379394, 7.797120213508606], "mutated_graph": {"passed": true, "max_abs": 0.0074808597564697266, "lse_max_abs": 1.9073486328125e-06, "empty_lse_match": true, "empty_output_zero": true, "atol": 0.02, "rtol": 0.02}}, "natural": {"eager": {"passed": true, "max_abs": 0.0018014907836914062, "lse_max_abs": 9.5367431640625e-07, "empty_lse_match": true, "empty_output_zero": true, "atol": 0.02, "rtol": 0.02}, "workspace_bytes": 1064960, "complete_graph_us": [11.533440351486206, 11.49440050125122, 11.47007942199707], "mutated_graph": {"passed": true, "max_abs": 0.0074808597564697266, "lse_max_abs": 2.86102294921875e-06, "empty_lse_match": true, "empty_output_zero": true, "atol": 0.02, "rtol": 0.02}}}, "passed": true}, {"case": {"batch": 1, "m": 17, "n": 448, "hq": 16, "g": 8, "splits": 6, "d": 64, "dtype": "bf16", "mask": "append"}, "families": {"transposed": {"eager": {"passed": true, "max_abs": 0.0010941922664642334, "lse_max_abs": 9.5367431640625e-07, "empty_lse_match": true, "empty_output_zero": true, "atol": 0.02, "rtol": 0.02}, "workspace_bytes": 424320, "complete_graph_us": [9.292160272598267, 9.214079976081848, 9.244160056114197], "mutated_graph": {"passed": true, "max_abs": 0.0071887969970703125, "lse_max_abs": 2.86102294921875e-06, "empty_lse_match": true, "empty_output_zero": true, "atol": 0.02, "rtol": 0.02}}, "natural": {"eager": {"passed": true, "max_abs": 0.0010941922664642334, "lse_max_abs": 9.5367431640625e-07, "empty_lse_match": true, "empty_output_zero": true, "atol": 0.02, "rtol": 0.02}, "workspace_bytes": 599040, "complete_graph_us": [19.57568049430847, 19.54367995262146, 19.52448010444641], "mutated_graph": {"passed": true, "max_abs": 0.0071887969970703125, "lse_max_abs": 3.814697265625e-06, "empty_lse_match": true, "empty_output_zero": true, "atol": 0.02, "rtol": 0.02}}}, "passed": true}, {"case": {"batch": 1, "m": 17, "n": 448, "hq": 16, "g": 8, "splits": 6, "d": 64, "dtype": "bf16", "mask": "permuted"}, "families": {"transposed": {"eager": {"passed": true, "max_abs": 0.0019304156303405762, "lse_max_abs": 9.5367431640625e-07, "empty_lse_match": true, "empty_output_zero": true, "atol": 0.02, "rtol": 0.02}, "workspace_bytes": 424320, "complete_graph_us": [9.243519902229309, 9.171839952468872, 9.193599820137024], "mutated_graph": {"passed": true, "max_abs": 0.007212162017822266, "lse_max_abs": 1.9073486328125e-06, "empty_lse_match": true, "empty_output_zero": true, "atol": 0.02, "rtol": 0.02}}, "natural": {"eager": {"passed": true, "max_abs": 0.0019304156303405762, "lse_max_abs": 4.76837158203125e-07, "empty_lse_match": true, "empty_output_zero": true, "atol": 0.02, "rtol": 0.02}, "workspace_bytes": 599040, "complete_graph_us": [19.463679790496826, 19.41248059272766, 19.395840167999268], "mutated_graph": {"passed": true, "max_abs": 0.007212162017822266, "lse_max_abs": 1.9073486328125e-06, "empty_lse_match": true, "empty_output_zero": true, "atol": 0.02, "rtol": 0.02}}}, "passed": true}, {"case": {"batch": 1, "m"
: 17, "n": 448, "hq": 16, "g": 8, "splits": 6, "d": 64, "dtype": "bf16", "mask": "noncausal"}, "families": {"transposed": {"eager": {"passed": true, "max_abs": 0.0010899007320404053, "lse_max_abs": 9.5367431640625e-07, "empty_lse_match": true, "empty_output_zero": true, "atol": 0.02, "rtol": 0.02}, "workspace_bytes": 424320, "complete_graph_us": [8.680319786071777, 8.605440258979797, 8.589439988136292], "mutated_graph": {"passed": true, "max_abs": 0.007359504699707031, "lse_max_abs": 2.86102294921875e-06, "empty_lse_match": true, "empty_output_zero": true, "atol": 0.02, "rtol": 0.02}}, "natural": {"eager": {"passed": true, "max_abs": 0.0009221434593200684, "lse_max_abs": 9.5367431640625e-07, "empty_lse_match": true, "empty_output_zero": true, "atol": 0.02, "rtol": 0.02}, "workspace_bytes": 599040, "complete_graph_us": [13.533439636230469, 13.477120399475098, 13.464959859848022], "mutated_graph": {"passed": true, "max_abs": 0.007359504699707031, "lse_max_abs": 2.86102294921875e-06, "empty_lse_match": true, "empty_output_zero": true, "atol": 0.02, "rtol": 0.02}}}, "passed": true}, {"case": {"batch": 2, "m": 9, "n": 320, "hq": 16, "g": 4, "splits": 5, "d": 64, "dtype": "bf16", "mask": "append"}, "families": {"transposed": {"eager": {"passed": true, "max_abs": 0.0010152161121368408, "lse_max_abs": 4.76837158203125e-07, "empty_lse_match": true, "empty_output_zero": true, "atol": 0.02, "rtol": 0.02}, "workspace_bytes": 748800, "complete_graph_us": [8.006399869918823, 7.938560247421265, 7.946879863739013], "mutated_graph": {"passed": true, "max_abs": 0.007553815841674805, "lse_max_abs": 1.9073486328125e-06, "empty_lse_match": true, "empty_output_zero": true, "atol": 0.02, "rtol": 0.02}}, "natural": {"eager": {"passed": true, "max_abs": 0.0010152161121368408, "lse_max_abs": 4.76837158203125e-07, "empty_lse_match": true, "empty_output_zero": true, "atol": 0.02, "rtol": 0.02}, "workspace_bytes": 665600, "complete_graph_us": [14.66048002243042, 14.602240324020386, 14.593280553817749], "mutated_graph": {"passed": true, "max_abs": 0.007553815841674805, "lse_max_abs": 1.9073486328125e-06, "empty_lse_match": true, "empty_output_zero": true, "atol": 0.02, "rtol": 0.02}}}, "passed": true}, {"case": {"batch": 2, "m": 9, "n": 320, "hq": 16, "g": 4, "splits": 5, "d": 64, "dtype": "bf16", "mask": "permuted"}, "families": {"transposed": {"eager": {"passed": true, "max_abs": 0.002079010009765625, "lse_max_abs": 9.5367431640625e-07, "empty_lse_match": true, "empty_output_zero": true, "atol": 0.02, "rtol": 0.02}, "workspace_bytes": 748800, "complete_graph_us": [8.001279830932617, 7.936639785766602, 7.923840284347535], "mutated_graph": {"passed": true, "max_abs": 0.007252931594848633, "lse_max_abs": 1.9073486328125e-06, "empty_lse_match": true, "empty_output_zero": true, "atol": 0.02, "rtol": 0.02}}, "natural": {"eager": {"passed": true, "max_abs": 0.002079010009765625, "lse_max_abs": 9.5367431640625e-07, "empty_lse_match": true, "empty_output_zero": true, "atol": 0.02, "rtol": 0.02}, "workspace_bytes": 665600, "complete_graph_us": [14.8089599609375, 14.750720262527466, 14.752000570297241], "mutated_graph": {"passed": true, "max_abs": 0.007252931594848633, "lse_max_abs": 1.9073486328125e-06, "empty_lse_match": true, "empty_output_zero": true, "atol": 0.02, "rtol": 0.02}}}, "passed": true}, {"case": {"batch": 2, "m": 9, "n": 320, "hq": 16, "g": 4, "splits": 5, "d": 64, "dtype": "bf16", "mask": "noncausal"}, "families": {"transposed": {"eager": {"passed": true, "max_abs": 0.001200169324874878, "lse_max_abs": 4.76837158203125e-07, "empty_lse_match": true, "empty_output_zero": true, "atol": 0.02, "rtol": 0.02}, "workspace_bytes": 748800, "complete_graph_us": [7.840639948844909, 7.760639786720276, 7.740799784660339], "mutated_graph": {"passed": true, "max_abs": 0.006938457489013672, "lse_max_abs": 1.9073486328125e-06, "empty_lse_match": true, "empty_output_zero": true, "atol": 0.02, "rtol": 0.02}}, "natural": {"eager": {"passed": true, "max_abs": 0.001200169324874878, "lse_max_abs": 4.76837158203125e-07, "empty_lse_match": true, "empty_output_zero": true, "atol": 0.02, "rtol": 0.02}, "workspace_bytes": 665600, "complete_graph_us": [11.98207974433899, 11.932159662246704, 11.896320581436157], "mutated_graph": {"passed": true, "max_abs": 0.006938457489013672, "lse_max_abs": 1.9073486328125e-06, "empty_lse_match": true, "empty_output_zero": true, "atol": 0.02, "rtol": 0.02}}}, "passed": true}, {"case": {"batch": 1, "m": 32, "n": 4096, "hq": 16, "g": 8, "splits": 24, "d": 64, "dtype": "bf16", "mask": "append"}, "families": {"transposed": {"eager": {"passed": true, "max_abs": 0.00031378865242004395, "lse_max_abs": 9.5367431640625e-07, "empty_lse_match": true, "empty_output_zero": true, "atol": 0.02, "rtol": 0.02}, "workspace_bytes": 3194880, "complete_graph_us": [21.3753604888916, 21.346559524536133, 21.311359405517578], "mutated_graph": {"passed": true, "max_abs": 0.006850719451904297, "lse_max_abs": 2.86102294921875e-06, "empty_lse_match": true, "empty_output_zero": true, "atol": 0.02, "rtol": 0.02}}, "natural": {"eager": {"passed": true, "max_abs": 0.00031378865242004395, "lse_max_abs": 9.5367431640625e-07, "empty_lse_match": true, "empty_output_zero": true, "atol": 0.02, "rtol": 0.02}, "workspace_bytes": 3194880, "complete_graph_us": [26.222081184387207, 26.168959140777588, 26.182401180267334], "mutated_graph": {"passed": true, "max_abs": 0.006850719451904297, "lse_max_abs": 2.86102294921875e-06, "empty_lse_match": true, "empty_output_zero": true, "atol": 0.02, "rtol": 0.02}}}, "passed": true}, {"case": {"batch": 1, "m": 32, "n": 4096, "hq": 16, "g": 8, "splits": 24, "d": 64, "dtype": "bf16", "mask": "permuted"}, "families": {"transposed": {"eager": {"passed": true, "max_abs": 0.0019269585609436035, "lse_max_abs": 9.5367431640625e-07, "empty_lse_match": true, "empty_output_zero": true, "atol": 0.02, "rtol": 0.02}, "workspace_bytes": 3194880, "complete_graph_us": [21.14880084991455, 21.084799766540527, 21.108479499816895], "mutated_graph": {"passed": true, "max_abs": 0.0069408416748046875, "lse_max_abs": 2.86102294921875e-06, "empty_lse_match": true, "empty_output_zero": true, "atol": 0.02, "rtol": 0.02}}, "natural": {"eager": {"passed": true, "max_abs": 0.0019269585609436035, "lse_max_abs": 9.5367431640625e-07, "empty_lse_match": true, "empty_output_zero": true, "atol": 0.02, "rtol": 0.02}, "workspace_bytes": 3194880, "complete_graph_us": [26.019840240478516, 25.976319313049316, 25.9552001953125], "mutated_graph": {"passed": true, "max_abs": 0.0069408416748046875, "lse_max_abs": 2.86102294921875e-06, "empty_lse_match": true, "empty_output_zero": true, "atol": 0.02, "rtol": 0.02}}}, "passed": true}, {"case": {"batch": 1, "m": 32, "n": 4096, "hq": 16, "g": 8, "splits": 24, "d": 64, "dtype": "bf16", "mask": "noncausal"}, "families": {"transposed": {"eager": {"passed": true, "max_abs": 0.0003102719783782959, "lse_max_abs": 9.5367431640625e-07, "empty_lse_match": true, "empty_output_zero": true, "atol": 0.02, "rtol": 0.02}, "workspace_bytes": 3194880, "complete_graph_us": [18.599679470062256, 18.54207992553711, 18.490240573883057], "mutated_graph": {"passed": true, "max_abs": 0.0073735713958740234, "lse_max_abs": 2.86102294921875e-06, "empty_lse_match": true, "empty_output_zero": true, "atol": 0.02, "rtol": 0.02}}, "natural": {"eager": {"passed": true, "max_abs": 0.0003060773015022278, "lse_max_abs": 9.5367431640625e-07, "empty_lse_match": true, "empty_output_zero": true, "atol": 0.02, "rtol": 0.02}, "workspace_bytes": 3194880, "complete_graph_us": [17.127679586410522, 17.100800275802612, 17.09887981414795], "mutated_graph": {"passed": true, "max_abs": 0.0073735713958740234, "lse_max_abs": 2.86102294921875e-06, "empty_lse_match": true, "empty_output_zero": true, "atol": 0.02, "rtol": 0.02}}}, "passed": true}, {"case": {"batch": 1, "m": 64, "n": 4096, "hq": 16, "g": 8, "splits": 16, "d": 64, "dtype": "bf16", "mask": "append"}, "families": {"transposed": {"eager": {"passed": true, "max_abs": 0.0003167763352394104, "lse_max_abs": 9.5367431640625e-07, "empty_lse_match": true, "empty_output_zero": true, "atol": 0.02, "rtol": 0.02}, "workspace_bytes": 4259840, "complete_graph_us": [32.16320037841797, 32.094080448150635, 32.0198392868042], "mutated_graph": {"passed": true, "max_abs": 0.007472991943359375, "lse_max_abs": 1.9073486328125e-06, "empty_lse_match": true, "empty_output_zero": true, "atol": 0.02, "rtol": 0.02}}, "natural": {"eager": {"passed": true, "max_abs": 0.0003167763352394104, "lse_max_abs": 9.5367431640625e-07, "empty_lse_match": true, "empty_output_zero": true, "atol": 0.02, "rtol": 0.02}, "workspace_bytes": 4259840, "complete_graph_us": [31.414399147033695, 31.361920833587646, 31.35679960250855], "mutated_graph": {"passed": true, "max_abs": 0.007472991943359375, "lse_max_abs": 1.9073486328125e-06, "empty_lse_match": true, "empty_output_zero": true, "atol": 0.02, "rtol": 0.02}}}, "passed": true}, {"case": {"batch": 1, "m": 64, "n": 4096, "hq": 16, "g": 8, "splits": 16, "d": 64, "dtype": "bf16", "mask": "permuted"}, "families": {"transposed": {"eager": {"passed": true, "max_abs": 0.0016993284225463867, "lse_max_abs": 9.5367431640625e-07, "empty_lse_match": true, "empty_output_zero": true, "atol": 0.02, "rtol": 0.02}, "workspace_bytes": 4259840, "complete_graph_us": [32.20031976699829, 32.11904048919678, 32.01792001724243], "mutated_graph": {"passed": true, "max_abs": 0.007293224334716797, "lse_max_abs": 2.86102294921875e-06, "empty_lse_match": true, "empty_output_zero": true, "atol": 0.02, "rtol": 0.02}}, "natural": {"eager": {"passed": true, "max_abs": 0.0016993284225463867, "lse_max_abs": 9.5367431640625e-07, "empty_lse_match": true, "empty_output_zero": true, "atol": 0.02, "rtol": 0.02}, "workspace_bytes": 4259840, "complete_graph_us": [31.39584064483643, 31.338241100311276, 31.339519023895264], "mutated_graph": {"passed": true, "max_abs": 0.007293224334716797, "lse_max_abs": 2.86102294921875e-06, "empty_lse_match": true, "empty_output_zero": true, "atol": 0.02, "rtol": 0.02}}}, "passed": true}, {"case": {"batch": 1, "m": 64, "n": 4096, "hq": 16, "g": 8, "splits": 16, "d": 64, "dtype": "bf16", "mask": "noncausal"}, "families": {"transposed": {"eager": {"passed": true, "max_abs": 0.0003228485584259033, "lse_max_abs": 9.5367431640625e-07, "empty_lse_match": true, "empty_output_zero": true, "atol": 0.02, "rtol": 0.02}, "workspace_bytes": 4259840, "complete_graph_us": [27.61535882949829, 27.535359859466553, 27.559680938720703], "mutated_graph": {"passed": true, "max_abs": 0.006931304931640625, "lse_max_abs": 1.9073486328125e-06, "empty_lse_match": true, "empty_output_zero": true, "atol": 0.02, "rtol": 0.02}}, "natural": {"eager": {"passed": true, "max_abs": 0.0003228485584259033, "lse_max_abs": 9.5367431640625e-07, "empty_lse_match": true, "empty_output_zero": true, "atol": 0.02, "rtol": 0.02}, "workspace_bytes": 4259840, "complete_graph_us": [19.416320323944092, 19.330559968948364, 19.344639778137207], "mutated_graph": {"passed": true, "max_abs": 0.006931304931640625, "lse_max_abs": 2.86102294921875e-06, "empty_lse_match": true, "empty_output_zero": true, "atol": 0.02, "rtol": 0.02}}}, "passed": true}, {"case": {"batch": 2, "m": 8, "n": 16384, "hq": 32, "g": 4, "splits": 32, "d": 64, "dtype": "bf16", "mask": "append"}, "families": {"transposed": {"eager": {"passed": true, "max_abs": 0.00016044080257415771, "lse_max_abs": 9.5367431640625e-07, "empty_lse_match": true, "empty_output_zero": true, "atol": 0.02, "rtol": 0.02}, "workspace_bytes": 8519680, "complete_graph_us": [109.68704223632812, 109.6236801147461, 109.57951545715332], "mutated_graph": {"passed": true, "max_abs": 0.003781557083129883, "lse_max_abs": 2.86102294921875e-06, "empty_lse_match": true, "empty_output_zero": true, "atol": 0.02, "rtol": 0.02}}, "natural": {"eager": {"passed": true, "max_abs": 0.00016044080257415771, "lse_max_abs": 9.5367431640625e-07, "empty_lse_match": true, "empty_output_zero": true, "atol": 0.02, "rtol": 0.02}, "workspace_bytes": 8519680, "complete_graph_us": [72.75199890136719, 72.65151977539062, 72.76159763336182], "mutated_graph": {"passed": true, "max_abs": 0.003781557083129883, "lse_max_abs": 1.9073486328125e-06, "empty_lse_match": true, "empty_output_zero": true, "atol": 0.02, "rtol": 0.02}}}, "passed": true}, {"case": {"batch": 2, "m": 8, "n": 16384, "hq": 32, "g": 4, "splits": 32, "d": 64, "dtype": "bf16", "mask": "permuted"}, "families": {"transposed": {"eager": {"passed": true, "max_abs": 0.002831757068634033, "lse_max_abs": 9.5367431640625e-07, "empty_lse_match": true, "empty_output_zero": true, "atol": 0.02, "rtol": 0.02}, "workspace_bytes": 8519680, "complete_graph_us": [109.68447685241699, 109.57887649536133, 109.2959976196289], "mutated_graph": {"passed": true, "max_abs": 0.007636547088623047, "lse_max_abs": 1.9073486328125e-06, "empty_lse_match": true, "empty_output_zero": true, "atol": 0.02, "rtol": 0.02}}, "natural": {"eager": {"passed": true, "max_abs": 0.002831757068634033, "lse_max_abs": 9.5367431640625e-07, "empty_lse_match": true, "empty_output_zero": true, "atol": 0.02, "rtol": 0.02}, "workspace_bytes": 8519680, "complete_graph_us": [74.37119960784912, 74.47743892669678, 74.19456005096436], "mutated_graph": {"passed": true, "max_abs": 0.007636547088623047, "lse_max_abs": 1.9073486328125e-06, "empty_lse_match": true, "empty_output_zero": true, "atol": 0.02, "rtol": 0.02}}}, "passed": true}, {"case": {"batch": 2, "m": 8, "n": 16384, "hq": 32, "g": 4, "splits": 32, "d": 64, "dtype": "bf16", "mask": "noncausal"}, "families": {"transposed": {"eager": {"passed": true, "max_abs": 0.0001793093979358673, "lse_max_abs": 9.5367431640625e-07, "empty_lse_match": true, "empty_output_zero": true, "atol": 0.02, "rtol": 0.02}, "workspace_bytes": 8519680, "complete_graph_us": [97.03167915344238, 96.77824020385742, 96.87680244445801], "mutated_graph": {"passed": true, "max_abs": 0.003781557083129883, "lse_max_abs": 1.9073486328125e-06, "empty_lse_match": true, "empty_output_zero": true, "atol": 0.02, "rtol": 0.02}}, "natural": {"eager": {"passed": true, "max_abs": 0.0001793093979358673, "lse_max_abs": 9.5367431640625e-07, "empty_lse_match": true, "empty_output_zero": true, "atol": 0.02, "rtol": 0.02}, "workspace_bytes": 8519680, "complete_graph_us": [44.71936225891113, 44.71615791320801, 44.67072010040283], "mutated_graph": {"passed": true, "max_abs": 0.003781557083129883, "lse_max_abs": 1.9073486328125e-06, "empty_lse_match": true, "empty_output_zero": true, "atol": 0.02, "rtol": 0.02}}}, "passed": true}, {"case": {"batch": 1, "m": 2, "n": 64, "hq": 16, "g": 8, "splits": 1, "d": 128, "dtype": "fp16", "mask": "append"}, "families": {"transposed": {"eager": {"passed": true, "max_abs": 0.0002690553665161133, "lse_max_abs": 4.76837158203125e-07, "empty_lse_match": true, "empty_output_zero": true, "atol": 0.003, "rtol": 0.003}, "workspace_bytes": 16512, "complete_graph_us": [7.9788798093795785, 7.886719703674317, 7.882239818572999], "mutated_graph": {"passed": true, "max_abs": 0.0009186267852783203, "lse_max_abs": 1.9073486328125e-06, "empty_lse_match": true, "empty_output_zero": true, "atol": 0.003, "rtol": 0.003}}, "natural": {"eager": {"passed": true, "max_abs": 0.0002690553665161133, "lse_max_abs": 9.5367431640625e-07, "empty_lse_match": true, "empty_output_zero": true, "atol": 0.003, "rtol": 0.003}, "workspace_bytes": 66048, "complete_graph_us": [18.04927945137024, 18.00704002380371, 17.994240522384644], "mutated_graph": {"passed": true, "max_abs": 0.0009186267852783203, "lse_max_abs": 1.9073486328125e-06, "empty_lse_match": true, "empty_output_zero": true, "atol": 0.003, "rtol": 0.003}}}, "passed": true}, {"case": {"batch": 1, "m": 2, "n": 64, "hq": 16, "g": 8, "splits": 1, "d": 128, "dtype": "fp16", "mask": "permuted"}, "families": {"transposed": {"eager": {"passed": true, "max_abs": 0.0, "lse_max_abs": 4.76837158203125e-07, "empty_lse_match": true, "empty_output_zero": true, "atol": 0.003, "rtol": 0.003}, "workspace_bytes": 16512, "complete_graph_us": [7.91487991809845, 7.877119779586793, 7.845119833946227], "mutated_graph": {"passed": true, "max_abs": 0.0, "lse_max_abs": 9.5367431640625e-07, "empty_lse_match": true, "empty_output_zero": true, "atol": 0.003, "rtol": 0.003}}, "natural": {"eager": {"passed": true, "max_abs": 0.0, "lse_max_abs": 4.76837158203125e-07, "empty_lse_match": true, "empty_outpu
t_zero": true, "atol": 0.003, "rtol": 0.003}, "workspace_bytes": 66048, "complete_graph_us": [18.01087975502014, 17.948800325393677, 17.953920364379883], "mutated_graph": {"passed": true, "max_abs": 0.0, "lse_max_abs": 9.5367431640625e-07, "empty_lse_match": true, "empty_output_zero": true, "atol": 0.003, "rtol": 0.003}}}, "passed": true}, {"case": {"batch": 1, "m": 2, "n": 64, "hq": 16, "g": 8, "splits": 1, "d": 128, "dtype": "fp16", "mask": "noncausal"}, "families": {"transposed": {"eager": {"passed": true, "max_abs": 0.00027441978454589844, "lse_max_abs": 4.76837158203125e-07, "empty_lse_match": true, "empty_output_zero": true, "atol": 0.003, "rtol": 0.003}, "workspace_bytes": 16512, "complete_graph_us": [7.763839960098267, 7.690879702568054, 7.683200240135193], "mutated_graph": {"passed": true, "max_abs": 0.0009601116180419922, "lse_max_abs": 2.86102294921875e-06, "empty_lse_match": true, "empty_output_zero": true, "atol": 0.003, "rtol": 0.003}}, "natural": {"eager": {"passed": true, "max_abs": 0.00027441978454589844, "lse_max_abs": 9.5367431640625e-07, "empty_lse_match": true, "empty_output_zero": true, "atol": 0.003, "rtol": 0.003}, "workspace_bytes": 66048, "complete_graph_us": [15.5513596534729, 15.487359762191772, 15.496959686279297], "mutated_graph": {"passed": true, "max_abs": 0.0009601116180419922, "lse_max_abs": 2.86102294921875e-06, "empty_lse_match": true, "empty_output_zero": true, "atol": 0.003, "rtol": 0.003}}}, "passed": true}, {"case": {"batch": 2, "m": 3, "n": 320, "hq": 32, "g": 4, "splits": 4, "d": 128, "dtype": "fp16", "mask": "append"}, "families": {"transposed": {"eager": {"passed": true, "max_abs": 0.00017964839935302734, "lse_max_abs": 9.5367431640625e-07, "empty_lse_match": true, "empty_output_zero": true, "atol": 0.003, "rtol": 0.003}, "workspace_bytes": 792576, "complete_graph_us": [9.210879802703857, 9.158400297164917, 9.182720184326172], "mutated_graph": {"passed": true, "max_abs": 0.0009686946868896484, "lse_max_abs": 3.814697265625e-06, "empty_lse_match": true, "empty_output_zero": true, "atol": 0.003, "rtol": 0.003}}, "natural": {"eager": {"passed": true, "max_abs": 0.00017964839935302734, "lse_max_abs": 9.5367431640625e-07, "empty_lse_match": true, "empty_output_zero": true, "atol": 0.003, "rtol": 0.003}, "workspace_bytes": 2113536, "complete_graph_us": [22.156798839569092, 22.099199295043945, 22.094080448150635], "mutated_graph": {"passed": true, "max_abs": 0.0009686946868896484, "lse_max_abs": 3.814697265625e-06, "empty_lse_match": true, "empty_output_zero": true, "atol": 0.003, "rtol": 0.003}}}, "passed": true}, {"case": {"batch": 2, "m": 3, "n": 320, "hq": 32, "g": 4, "splits": 4, "d": 128, "dtype": "fp16", "mask": "permuted"}, "families": {"transposed": {"eager": {"passed": true, "max_abs": 0.00028520822525024414, "lse_max_abs": 9.5367431640625e-07, "empty_lse_match": true, "empty_output_zero": true, "atol": 0.003, "rtol": 0.003}, "workspace_bytes": 792576, "complete_graph_us": [9.397760033607483, 9.32416021823883, 9.335039854049683], "mutated_graph": {"passed": true, "max_abs": 0.0008974075317382812, "lse_max_abs": 2.86102294921875e-06, "empty_lse_match": true, "empty_output_zero": true, "atol": 0.003, "rtol": 0.003}}, "natural": {"eager": {"passed": true, "max_abs": 0.00028520822525024414, "lse_max_abs": 9.5367431640625e-07, "empty_lse_match": true, "empty_output_zero": true, "atol": 0.003, "rtol": 0.003}, "workspace_bytes": 2113536, "complete_graph_us": [22.554240226745605, 22.41663932800293, 22.398719787597656], "mutated_graph": {"passed": true, "max_abs": 0.0008974075317382812, "lse_max_abs": 2.86102294921875e-06, "empty_lse_match": true, "empty_output_zero": true, "atol": 0.003, "rtol": 0.003}}}, "passed": true}, {"case": {"batch": 2, "m": 3, "n": 320, "hq": 32, "g": 4, "splits": 4, "d": 128, "dtype": "fp16", "mask": "noncausal"}, "families": {"transposed": {"eager": {"passed": true, "max_abs": 0.00015437602996826172, "lse_max_abs": 9.5367431640625e-07, "empty_lse_match": true, "empty_output_zero": true, "atol": 0.003, "rtol": 0.003}, "workspace_bytes": 792576, "complete_graph_us": [9.058560132980347, 9.000319838523865, 8.981760144233704], "mutated_graph": {"passed": true, "max_abs": 0.0009729862213134766, "lse_max_abs": 3.814697265625e-06, "empty_lse_match": true, "empty_output_zero": true, "atol": 0.003, "rtol": 0.003}}, "natural": {"eager": {"passed": true, "max_abs": 0.00017327070236206055, "lse_max_abs": 9.5367431640625e-07, "empty_lse_match": true, "empty_output_zero": true, "atol": 0.003, "rtol": 0.003}, "workspace_bytes": 2113536, "complete_graph_us": [17.04959988594055, 16.99455976486206, 17.004799842834473], "mutated_graph": {"passed": true, "max_abs": 0.0009729862213134766, "lse_max_abs": 3.814697265625e-06, "empty_lse_match": true, "empty_output_zero": true, "atol": 0.003, "rtol": 0.003}}}, "passed": true}, {"case": {"batch": 1, "m": 17, "n": 448, "hq": 16, "g": 8, "splits": 6, "d": 128, "dtype": "fp16", "mask": "append"}, "families": {"transposed": {"eager": {"passed": true, "max_abs": 0.00013339519500732422, "lse_max_abs": 9.5367431640625e-07, "empty_lse_match": true, "empty_output_zero": true, "atol": 0.003, "rtol": 0.003}, "workspace_bytes": 842112, "complete_graph_us": [10.841599702835083, 10.762879848480225, 10.770560503005981], "mutated_graph": {"passed": true, "max_abs": 0.0009388923645019531, "lse_max_abs": 4.76837158203125e-06, "empty_lse_match": true, "empty_output_zero": true, "atol": 0.003, "rtol": 0.003}}, "natural": {"eager": {"passed": true, "max_abs": 0.00012937188148498535, "lse_max_abs": 9.5367431640625e-07, "empty_lse_match": true, "empty_output_zero": true, "atol": 0.003, "rtol": 0.003}, "workspace_bytes": 1188864, "complete_graph_us": [25.35360097885132, 25.091838836669922, 25.075840950012207], "mutated_graph": {"passed": true, "max_abs": 0.0009388923645019531, "lse_max_abs": 4.76837158203125e-06, "empty_lse_match": true, "empty_output_zero": true, "atol": 0.003, "rtol": 0.003}}}, "passed": true}, {"case": {"batch": 1, "m": 17, "n": 448, "hq": 16, "g": 8, "splits": 6, "d": 128, "dtype": "fp16", "mask": "permuted"}, "families": {"transposed": {"eager": {"passed": true, "max_abs": 0.0002523660659790039, "lse_max_abs": 9.5367431640625e-07, "empty_lse_match": true, "empty_output_zero": true, "atol": 0.003, "rtol": 0.003}, "workspace_bytes": 842112, "complete_graph_us": [10.94912052154541, 10.888320207595825, 10.883840322494507], "mutated_graph": {"passed": true, "max_abs": 0.0009608268737792969, "lse_max_abs": 4.76837158203125e-06, "empty_lse_match": true, "empty_output_zero": true, "atol": 0.003, "rtol": 0.003}}, "natural": {"eager": {"passed": true, "max_abs": 0.0002523660659790039, "lse_max_abs": 9.5367431640625e-07, "empty_lse_match": true, "empty_output_zero": true, "atol": 0.003, "rtol": 0.003}, "workspace_bytes": 1188864, "complete_graph_us": [25.12511968612671, 25.08608102798462, 25.0764799118042], "mutated_graph": {"passed": true, "max_abs": 0.0009608268737792969, "lse_max_abs": 4.76837158203125e-06, "empty_lse_match": true, "empty_output_zero": true, "atol": 0.003, "rtol": 0.003}}}, "passed": true}, {"case": {"batch": 1, "m": 17, "n": 448, "hq": 16, "g": 8, "splits": 6, "d": 128, "dtype": "fp16", "mask": "noncausal"}, "families": {"transposed": {"eager": {"passed": true, "max_abs": 0.00013697147369384766, "lse_max_abs": 9.5367431640625e-07, "empty_lse_match": true, "empty_output_zero": true, "atol": 0.003, "rtol": 0.003}, "workspace_bytes": 842112, "complete_graph_us": [10.300159454345703, 10.249600410461426, 10.240000486373901], "mutated_graph": {"passed": true, "max_abs": 0.0009682178497314453, "lse_max_abs": 4.76837158203125e-06, "empty_lse_match": true, "empty_output_zero": true, "atol": 0.003, "rtol": 0.003}}, "natural": {"eager": {"passed": true, "max_abs": 0.00012171268463134766, "lse_max_abs": 9.5367431640625e-07, "empty_lse_match": true, "empty_output_zero": true, "atol": 0.003, "rtol": 0.003}, "workspace_bytes": 1188864, "complete_graph_us": [19.837440252304077, 19.80288028717041, 19.78943943977356], "mutated_graph": {"passed": true, "max_abs": 0.0009682178497314453, "lse_max_abs": 4.76837158203125e-06, "empty_lse_match": true, "empty_output_zero": true, "atol": 0.003, "rtol": 0.003}}}, "passed": true}, {"case": {"batch": 2, "m": 9, "n": 320, "hq": 16, "g": 4, "splits": 5, "d": 128, "dtype": "fp16", "mask": "append"}, "families": {"transposed": {"eager": {"passed": true, "max_abs": 0.0001443326473236084, "lse_max_abs": 9.5367431640625e-07, "empty_lse_match": true, "empty_output_zero": true, "atol": 0.003, "rtol": 0.003}, "workspace_bytes": 1486080, "complete_graph_us": [9.349759817123413, 9.303039908409119, 9.293439984321594], "mutated_graph": {"passed": true, "max_abs": 0.0009818077087402344, "lse_max_abs": 5.7220458984375e-06, "empty_lse_match": true, "empty_output_zero": true, "atol": 0.003, "rtol": 0.003}}, "natural": {"eager": {"passed": true, "max_abs": 0.0001443326473236084, "lse_max_abs": 9.5367431640625e-07, "empty_lse_match": true, "empty_output_zero": true, "atol": 0.003, "rtol": 0.003}, "workspace_bytes": 1320960, "complete_graph_us": [20.056960582733154, 20.01983880996704, 20.01728057861328], "mutated_graph": {"passed": true, "max_abs": 0.0009818077087402344, "lse_max_abs": 5.7220458984375e-06, "empty_lse_match": true, "empty_output_zero": true, "atol": 0.003, "rtol": 0.003}}}, "passed": true}, {"case": {"batch": 2, "m": 9, "n": 320, "hq": 16, "g": 4, "splits": 5, "d": 128, "dtype": "fp16", "mask": "permuted"}, "families": {"transposed": {"eager": {"passed": true, "max_abs": 0.0002745389938354492, "lse_max_abs": 9.5367431640625e-07, "empty_lse_match": true, "empty_output_zero": true, "atol": 0.003, "rtol": 0.003}, "workspace_bytes": 1486080, "complete_graph_us": [9.422720074653625, 9.414399862289429, 9.381120204925537], "mutated_graph": {"passed": true, "max_abs": 0.0009610652923583984, "lse_max_abs": 5.7220458984375e-06, "empty_lse_match": true, "empty_output_zero": true, "atol": 0.003, "rtol": 0.003}}, "natural": {"eager": {"passed": true, "max_abs": 0.0002745389938354492, "lse_max_abs": 9.5367431640625e-07, "empty_lse_match": true, "empty_output_zero": true, "atol": 0.003, "rtol": 0.003}, "workspace_bytes": 1320960, "complete_graph_us": [20.22592067718506, 20.16063928604126, 20.147199630737305], "mutated_graph": {"passed": true, "max_abs": 0.0009610652923583984, "lse_max_abs": 5.7220458984375e-06, "empty_lse_match": true, "empty_output_zero": true, "atol": 0.003, "rtol": 0.003}}}, "passed": true}, {"case": {"batch": 2, "m": 9, "n": 320, "hq": 16, "g": 4, "splits": 5, "d": 128, "dtype": "fp16", "mask": "noncausal"}, "families": {"transposed": {"eager": {"passed": true, "max_abs": 0.0001481771469116211, "lse_max_abs": 9.5367431640625e-07, "empty_lse_match": true, "empty_output_zero": true, "atol": 0.003, "rtol": 0.003}, "workspace_bytes": 1486080, "complete_graph_us": [9.149439930915833, 9.105920195579529, 9.077759981155396], "mutated_graph": {"passed": true, "max_abs": 0.0009610652923583984, "lse_max_abs": 5.7220458984375e-06, "empty_lse_match": true, "empty_output_zero": true, "atol": 0.003, "rtol": 0.003}}, "natural": {"eager": {"passed": true, "max_abs": 0.0001481771469116211, "lse_max_abs": 9.5367431640625e-07, "empty_lse_match": true, "empty_output_zero": true, "atol": 0.003, "rtol": 0.003}, "workspace_bytes": 1320960, "complete_graph_us": [17.66975998878479, 17.65247941017151, 17.631360292434692], "mutated_graph": {"passed": true, "max_abs": 0.0009610652923583984, "lse_max_abs": 5.7220458984375e-06, "empty_lse_match": true, "empty_output_zero": true, "atol": 0.003, "rtol": 0.003}}}, "passed": true}, {"case": {"batch": 1, "m": 32, "n": 4096, "hq": 16, "g": 8, "splits": 24, "d": 128, "dtype": "fp16", "mask": "append"}, "families": {"transposed": {"eager": {"passed": true, "max_abs": 3.906339406967163e-05, "lse_max_abs": 9.5367431640625e-07, "empty_lse_match": true, "empty_output_zero": true, "atol": 0.003, "rtol": 0.003}, "workspace_bytes": 6340608, "complete_graph_us": [28.455040454864502, 28.412160873413086, 28.402559757232666], "mutated_graph": {"passed": true, "max_abs": 0.0009734630584716797, "lse_max_abs": 4.76837158203125e-06, "empty_lse_match": true, "empty_output_zero": true, "atol": 0.003, "rtol": 0.003}}, "natural": {"eager": {"passed": true, "max_abs": 3.872811794281006e-05, "lse_max_abs": 9.5367431640625e-07, "empty_lse_match": true, "empty_output_zero": true, "atol": 0.003, "rtol": 0.003}, "workspace_bytes": 6340608, "complete_graph_us": [35.038719177246094, 34.999680519104004, 35.02016067504883], "mutated_graph": {"passed": true, "max_abs": 0.0009734630584716797, "lse_max_abs": 4.76837158203125e-06, "empty_lse_match": true, "empty_output_zero": true, "atol": 0.003, "rtol": 0.003}}}, "passed": true}, {"case": {"batch": 1, "m": 32, "n": 4096, "hq": 16, "g": 8, "splits": 24, "d": 128, "dtype": "fp16", "mask": "permuted"}, "families": {"transposed": {"eager": {"passed": true, "max_abs": 0.0002650022506713867, "lse_max_abs": 1.430511474609375e-06, "empty_lse_match": true, "empty_output_zero": true, "atol": 0.003, "rtol": 0.003}, "workspace_bytes": 6340608, "complete_graph_us": [28.461439609527588, 28.395519256591797, 28.368000984191895], "mutated_graph": {"passed": true, "max_abs": 0.0009455680847167969, "lse_max_abs": 4.76837158203125e-06, "empty_lse_match": true, "empty_output_zero": true, "atol": 0.003, "rtol": 0.003}}, "natural": {"eager": {"passed": true, "max_abs": 0.0002650022506713867, "lse_max_abs": 1.430511474609375e-06, "empty_lse_match": true, "empty_output_zero": true, "atol": 0.003, "rtol": 0.003}, "workspace_bytes": 6340608, "complete_graph_us": [34.83135938644409, 34.83520030975342, 34.819839000701904], "mutated_graph": {"passed": true, "max_abs": 0.0009455680847167969, "lse_max_abs": 4.76837158203125e-06, "empty_lse_match": true, "empty_output_zero": true, "atol": 0.003, "rtol": 0.003}}}, "passed": true}, {"case": {"batch": 1, "m": 32, "n": 4096, "hq": 16, "g": 8, "splits": 24, "d": 128, "dtype": "fp16", "mask": "noncausal"}, "families": {"transposed": {"eager": {"passed": true, "max_abs": 4.774332046508789e-05, "lse_max_abs": 9.5367431640625e-07, "empty_lse_match": true, "empty_output_zero": true, "atol": 0.003, "rtol": 0.003}, "workspace_bytes": 6340608, "complete_graph_us": [27.547519207000732, 27.521278858184814, 27.45151996612549], "mutated_graph": {"passed": true, "max_abs": 0.0009744167327880859, "lse_max_abs": 4.76837158203125e-06, "empty_lse_match": true, "empty_output_zero": true, "atol": 0.003, "rtol": 0.003}}, "natural": {"eager": {"passed": true, "max_abs": 4.774332046508789e-05, "lse_max_abs": 9.5367431640625e-07, "empty_lse_match": true, "empty_output_zero": true, "atol": 0.003, "rtol": 0.003}, "workspace_bytes": 6340608, "complete_graph_us": [27.404160499572754, 27.394559383392334, 27.360639572143555], "mutated_graph": {"passed": true, "max_abs": 0.0009744167327880859, "lse_max_abs": 4.76837158203125e-06, "empty_lse_match": true, "empty_output_zero": true, "atol": 0.003, "rtol": 0.003}}}, "passed": true}, {"case": {"batch": 1, "m": 64, "n": 4096, "hq": 16, "g": 8, "splits": 16, "d": 128, "dtype": "fp16", "mask": "append"}, "families": {"transposed": {"eager": {"passed": true, "max_abs": 5.1274895668029785e-05, "lse_max_abs": 9.5367431640625e-07, "empty_lse_match": true, "empty_output_zero": true, "atol": 0.003, "rtol": 0.003}, "workspace_bytes": 8454144, "complete_graph_us": [46.206722259521484, 46.448001861572266, 46.158080101013184], "mutated_graph": {"passed": true, "max_abs": 0.0009713172912597656, "lse_max_abs": 5.7220458984375e-06, "empty_lse_match": true, "empty_output_zero": true, "atol": 0.003, "rtol": 0.003}}, "natural": {"eager": {"passed": true, "max_abs": 5.1274895668029785e-05, "lse_max_abs": 9.5367431640625e-07, "empty_lse_match": true, "empty_output_zero": true, "atol": 0.003, "rtol": 0.003}, "workspace_bytes": 8454144, "complete_graph_us": [43.07199954986572, 42.99839973449707, 43.08351993560791], "mutated_graph": {"passed": true, "max_abs": 0.0009713172912597656, "lse_max_abs": 5.7220458984375e-06, "empty_lse_match": true, "empty_output_zero": true, "atol": 0.003, "rtol": 0.003}}}, "passed": true}, {"case": {"batch": 1, "m": 64, "n": 4096, "hq": 16, "g": 8, "splits": 16, "d": 128, "dtype": "fp16", "mask": "permuted"}, "families": {"transposed": {"eager": {"passed": true, "max_abs": 0.000292062
75939941406, "lse_max_abs": 9.5367431640625e-07, "empty_lse_match": true, "empty_output_zero": true, "atol": 0.003, "rtol": 0.003}, "workspace_bytes": 8454144, "complete_graph_us": [45.87967872619629, 45.92639923095703, 45.9276819229126], "mutated_graph": {"passed": true, "max_abs": 0.0009512901306152344, "lse_max_abs": 5.7220458984375e-06, "empty_lse_match": true, "empty_output_zero": true, "atol": 0.003, "rtol": 0.003}}, "natural": {"eager": {"passed": true, "max_abs": 0.00029206275939941406, "lse_max_abs": 9.5367431640625e-07, "empty_lse_match": true, "empty_output_zero": true, "atol": 0.003, "rtol": 0.003}, "workspace_bytes": 8454144, "complete_graph_us": [42.67712116241455, 42.68608093261719, 42.622718811035156], "mutated_graph": {"passed": true, "max_abs": 0.0009512901306152344, "lse_max_abs": 5.7220458984375e-06, "empty_lse_match": true, "empty_output_zero": true, "atol": 0.003, "rtol": 0.003}}}, "passed": true}, {"case": {"batch": 1, "m": 64, "n": 4096, "hq": 16, "g": 8, "splits": 16, "d": 128, "dtype": "fp16", "mask": "noncausal"}, "families": {"transposed": {"eager": {"passed": true, "max_abs": 4.155188798904419e-05, "lse_max_abs": 9.5367431640625e-07, "empty_lse_match": true, "empty_output_zero": true, "atol": 0.003, "rtol": 0.003}, "workspace_bytes": 8454144, "complete_graph_us": [44.36863899230957, 44.333438873291016, 44.268798828125], "mutated_graph": {"passed": true, "max_abs": 0.0009143352508544922, "lse_max_abs": 5.7220458984375e-06, "empty_lse_match": true, "empty_output_zero": true, "atol": 0.003, "rtol": 0.003}}, "natural": {"eager": {"passed": true, "max_abs": 4.155188798904419e-05, "lse_max_abs": 9.5367431640625e-07, "empty_lse_match": true, "empty_output_zero": true, "atol": 0.003, "rtol": 0.003}, "workspace_bytes": 8454144, "complete_graph_us": [30.952959060668945, 30.79360008239746, 30.875520706176758], "mutated_graph": {"passed": true, "max_abs": 0.0009143352508544922, "lse_max_abs": 5.7220458984375e-06, "empty_lse_match": true, "empty_output_zero": true, "atol": 0.003, "rtol": 0.003}}}, "passed": true}, {"case": {"batch": 2, "m": 8, "n": 16384, "hq": 32, "g": 4, "splits": 32, "d": 128, "dtype": "fp16", "mask": "append"}, "families": {"transposed": {"eager": {"passed": true, "max_abs": 2.0403414964675903e-05, "lse_max_abs": 9.5367431640625e-07, "empty_lse_match": true, "empty_output_zero": true, "atol": 0.003, "rtol": 0.003}, "workspace_bytes": 16908288, "complete_graph_us": [208.68288040161133, 208.1862449645996, 207.41695404052734], "mutated_graph": {"passed": true, "max_abs": 0.0007886886596679688, "lse_max_abs": 7.62939453125e-06, "empty_lse_match": true, "empty_output_zero": true, "atol": 0.003, "rtol": 0.003}}, "natural": {"eager": {"passed": true, "max_abs": 2.0403414964675903e-05, "lse_max_abs": 9.5367431640625e-07, "empty_lse_match": true, "empty_output_zero": true, "atol": 0.003, "rtol": 0.003}, "workspace_bytes": 16908288, "complete_graph_us": [153.1820774078369, 153.08608055114746, 153.0399990081787], "mutated_graph": {"passed": true, "max_abs": 0.0007886886596679688, "lse_max_abs": 7.62939453125e-06, "empty_lse_match": true, "empty_output_zero": true, "atol": 0.003, "rtol": 0.003}}}, "passed": true}, {"case": {"batch": 2, "m": 8, "n": 16384, "hq": 32, "g": 4, "splits": 32, "d": 128, "dtype": "fp16", "mask": "permuted"}, "families": {"transposed": {"eager": {"passed": true, "max_abs": 0.0003127455711364746, "lse_max_abs": 9.5367431640625e-07, "empty_lse_match": true, "empty_output_zero": true, "atol": 0.003, "rtol": 0.003}, "workspace_bytes": 16908288, "complete_graph_us": [207.17056274414062, 206.87488555908203, 208.6751937866211], "mutated_graph": {"passed": true, "max_abs": 0.0008618831634521484, "lse_max_abs": 5.7220458984375e-06, "empty_lse_match": true, "empty_output_zero": true, "atol": 0.003, "rtol": 0.003}}, "natural": {"eager": {"passed": true, "max_abs": 0.0003127455711364746, "lse_max_abs": 9.5367431640625e-07, "empty_lse_match": true, "empty_output_zero": true, "atol": 0.003, "rtol": 0.003}, "workspace_bytes": 16908288, "complete_graph_us": [155.8080005645752, 155.6544017791748, 155.96416473388672], "mutated_graph": {"passed": true, "max_abs": 0.0008618831634521484, "lse_max_abs": 5.7220458984375e-06, "empty_lse_match": true, "empty_output_zero": true, "atol": 0.003, "rtol": 0.003}}}, "passed": true}, {"case": {"batch": 2, "m": 8, "n": 16384, "hq": 32, "g": 4, "splits": 32, "d": 128, "dtype": "fp16", "mask": "noncausal"}, "families": {"transposed": {"eager": {"passed": true, "max_abs": 2.0403414964675903e-05, "lse_max_abs": 9.5367431640625e-07, "empty_lse_match": true, "empty_output_zero": true, "atol": 0.003, "rtol": 0.003}, "workspace_bytes": 16908288, "complete_graph_us": [228.7500762939453, 227.61600494384766, 227.14496612548828], "mutated_graph": {"passed": true, "max_abs": 0.0007886886596679688, "lse_max_abs": 7.62939453125e-06, "empty_lse_match": true, "empty_output_zero": true, "atol": 0.003, "rtol": 0.003}}, "natural": {"eager": {"passed": true, "max_abs": 2.0403414964675903e-05, "lse_max_abs": 9.5367431640625e-07, "empty_lse_match": true, "empty_output_zero": true, "atol": 0.003, "rtol": 0.003}, "workspace_bytes": 16908288, "complete_graph_us": [96.49727821350098, 96.10560417175293, 96.10688209533691], "mutated_graph": {"passed": true, "max_abs": 0.0007886886596679688, "lse_max_abs": 7.62939453125e-06, "empty_lse_match": true, "empty_output_zero": true, "atol": 0.003, "rtol": 0.003}}}, "passed": true}, {"case": {"batch": 1, "m": 2, "n": 64, "hq": 16, "g": 8, "splits": 1, "d": 128, "dtype": "bf16", "mask": "append"}, "families": {"transposed": {"eager": {"passed": true, "max_abs": 0.002329111099243164, "lse_max_abs": 4.76837158203125e-07, "empty_lse_match": true, "empty_output_zero": true, "atol": 0.02, "rtol": 0.02}, "workspace_bytes": 16512, "complete_graph_us": [8.094080090522766, 8.043519854545593, 8.01855981349945], "mutated_graph": {"passed": true, "max_abs": 0.007100582122802734, "lse_max_abs": 1.9073486328125e-06, "empty_lse_match": true, "empty_output_zero": true, "atol": 0.02, "rtol": 0.02}}, "natural": {"eager": {"passed": true, "max_abs": 0.002329111099243164, "lse_max_abs": 4.76837158203125e-07, "empty_lse_match": true, "empty_output_zero": true, "atol": 0.02, "rtol": 0.02}, "workspace_bytes": 66048, "complete_graph_us": [18.197760581970215, 18.152960538864136, 18.128639459609985], "mutated_graph": {"passed": true, "max_abs": 0.007100582122802734, "lse_max_abs": 9.5367431640625e-07, "empty_lse_match": true, "empty_output_zero": true, "atol": 0.02, "rtol": 0.02}}}, "passed": true}, {"case": {"batch": 1, "m": 2, "n": 64, "hq": 16, "g": 8, "splits": 1, "d": 128, "dtype": "bf16", "mask": "permuted"}, "families": {"transposed": {"eager": {"passed": true, "max_abs": 0.0, "lse_max_abs": 3.5762786865234375e-07, "empty_lse_match": true, "empty_output_zero": true, "atol": 0.02, "rtol": 0.02}, "workspace_bytes": 16512, "complete_graph_us": [8.128640055656433, 8.052480220794678, 8.051199913024902], "mutated_graph": {"passed": true, "max_abs": 0.0, "lse_max_abs": 9.5367431640625e-07, "empty_lse_match": true, "empty_output_zero": true, "atol": 0.02, "rtol": 0.02}}, "natural": {"eager": {"passed": true, "max_abs": 0.0, "lse_max_abs": 3.5762786865234375e-07, "empty_lse_match": true, "empty_output_zero": true, "atol": 0.02, "rtol": 0.02}, "workspace_bytes": 66048, "complete_graph_us": [18.099199533462524, 18.04927945137024, 18.040319681167603], "mutated_graph": {"passed": true, "max_abs": 0.0, "lse_max_abs": 9.5367431640625e-07, "empty_lse_match": true, "empty_output_zero": true, "atol": 0.02, "rtol": 0.02}}}, "passed": true}, {"case": {"batch": 1, "m": 2, "n": 64, "hq": 16, "g": 8, "splits": 1, "d": 128, "dtype": "bf16", "mask": "noncausal"}, "families": {"transposed": {"eager": {"passed": true, "max_abs": 0.002669811248779297, "lse_max_abs": 9.5367431640625e-07, "empty_lse_match": true, "empty_output_zero": true, "atol": 0.02, "rtol": 0.02}, "workspace_bytes": 16512, "complete_graph_us": [7.90719985961914, 7.864320278167725, 7.83743977546692], "mutated_graph": {"passed": true, "max_abs": 0.007462263107299805, "lse_max_abs": 1.9073486328125e-06, "empty_lse_match": true, "empty_output_zero": true, "atol": 0.02, "rtol": 0.02}}, "natural": {"eager": {"passed": true, "max_abs": 0.002669811248779297, "lse_max_abs": 4.76837158203125e-07, "empty_lse_match": true, "empty_output_zero": true, "atol": 0.02, "rtol": 0.02}, "workspace_bytes": 66048, "complete_graph_us": [15.793919563293457, 15.747840404510496, 15.720319747924805], "mutated_graph": {"passed": true, "max_abs": 0.007462263107299805, "lse_max_abs": 1.9073486328125e-06, "empty_lse_match": true, "empty_output_zero": true, "atol": 0.02, "rtol": 0.02}}}, "passed": true}, {"case": {"batch": 2, "m": 3, "n": 320, "hq": 32, "g": 4, "splits": 4, "d": 128, "dtype": "bf16", "mask": "append"}, "families": {"transposed": {"eager": {"passed": true, "max_abs": 0.0018262863159179688, "lse_max_abs": 9.5367431640625e-07, "empty_lse_match": true, "empty_output_zero": true, "atol": 0.02, "rtol": 0.02}, "workspace_bytes": 792576, "complete_graph_us": [9.192960262298584, 9.120000004768372, 9.108480215072632], "mutated_graph": {"passed": true, "max_abs": 0.007771015167236328, "lse_max_abs": 2.86102294921875e-06, "empty_lse_match": true, "empty_output_zero": true, "atol": 0.02, "rtol": 0.02}}, "natural": {"eager": {"passed": true, "max_abs": 0.0018262863159179688, "lse_max_abs": 9.5367431640625e-07, "empty_lse_match": true, "empty_output_zero": true, "atol": 0.02, "rtol": 0.02}, "workspace_bytes": 2113536, "complete_graph_us": [22.1996808052063, 22.1343994140625, 22.142720222473145], "mutated_graph": {"passed": true, "max_abs": 0.007771015167236328, "lse_max_abs": 1.9073486328125e-06, "empty_lse_match": true, "empty_output_zero": true, "atol": 0.02, "rtol": 0.02}}}, "passed": true}, {"case": {"batch": 2, "m": 3, "n": 320, "hq": 32, "g": 4, "splits": 4, "d": 128, "dtype": "bf16", "mask": "permuted"}, "families": {"transposed": {"eager": {"passed": true, "max_abs": 0.002279818058013916, "lse_max_abs": 4.76837158203125e-07, "empty_lse_match": true, "empty_output_zero": true, "atol": 0.02, "rtol": 0.02}, "workspace_bytes": 792576, "complete_graph_us": [9.210240244865417, 9.13856029510498, 9.118080139160156], "mutated_graph": {"passed": true, "max_abs": 0.007552146911621094, "lse_max_abs": 1.9073486328125e-06, "empty_lse_match": true, "empty_output_zero": true, "atol": 0.02, "rtol": 0.02}}, "natural": {"eager": {"passed": true, "max_abs": 0.002279818058013916, "lse_max_abs": 4.76837158203125e-07, "empty_lse_match": true, "empty_output_zero": true, "atol": 0.02, "rtol": 0.02}, "workspace_bytes": 2113536, "complete_graph_us": [22.201600074768066, 22.14848041534424, 22.14400053024292], "mutated_graph": {"passed": true, "max_abs": 0.007552146911621094, "lse_max_abs": 1.9073486328125e-06, "empty_lse_match": true, "empty_output_zero": true, "atol": 0.02, "rtol": 0.02}}}, "passed": true}, {"case": {"batch": 2, "m": 3, "n": 320, "hq": 32, "g": 4, "splits": 4, "d": 128, "dtype": "bf16", "mask": "noncausal"}, "families": {"transposed": {"eager": {"passed": true, "max_abs": 0.0018262863159179688, "lse_max_abs": 9.5367431640625e-07, "empty_lse_match": true, "empty_output_zero": true, "atol": 0.02, "rtol": 0.02}, "workspace_bytes": 792576, "complete_graph_us": [8.840320110321045, 8.794879913330078, 8.770560026168823], "mutated_graph": {"passed": true, "max_abs": 0.007771015167236328, "lse_max_abs": 2.86102294921875e-06, "empty_lse_match": true, "empty_output_zero": true, "atol": 0.02, "rtol": 0.02}}, "natural": {"eager": {"passed": true, "max_abs": 0.0018262863159179688, "lse_max_abs": 9.5367431640625e-07, "empty_lse_match": true, "empty_output_zero": true, "atol": 0.02, "rtol": 0.02}, "workspace_bytes": 2113536, "complete_graph_us": [16.883840560913086, 16.830079555511475, 16.82047963142395], "mutated_graph": {"passed": true, "max_abs": 0.007771015167236328, "lse_max_abs": 2.86102294921875e-06, "empty_lse_match": true, "empty_output_zero": true, "atol": 0.02, "rtol": 0.02}}}, "passed": true}, {"case": {"batch": 1, "m": 17, "n": 448, "hq": 16, "g": 8, "splits": 6, "d": 128, "dtype": "bf16", "mask": "append"}, "families": {"transposed": {"eager": {"passed": true, "max_abs": 0.0012034475803375244, "lse_max_abs": 9.5367431640625e-07, "empty_lse_match": true, "empty_output_zero": true, "atol": 0.02, "rtol": 0.02}, "workspace_bytes": 842112, "complete_graph_us": [10.595200061798096, 10.517120361328125, 10.511360168457031], "mutated_graph": {"passed": true, "max_abs": 0.00761866569519043, "lse_max_abs": 2.86102294921875e-06, "empty_lse_match": true, "empty_output_zero": true, "atol": 0.02, "rtol": 0.02}}, "natural": {"eager": {"passed": true, "max_abs": 0.0010308325290679932, "lse_max_abs": 4.76837158203125e-07, "empty_lse_match": true, "empty_output_zero": true, "atol": 0.02, "rtol": 0.02}, "workspace_bytes": 1188864, "complete_graph_us": [24.904320240020752, 24.85055923461914, 24.8307204246521], "mutated_graph": {"passed": true, "max_abs": 0.00761866569519043, "lse_max_abs": 3.814697265625e-06, "empty_lse_match": true, "empty_output_zero": true, "atol": 0.02, "rtol": 0.02}}}, "passed": true}, {"case": {"batch": 1, "m": 17, "n": 448, "hq": 16, "g": 8, "splits": 6, "d": 128, "dtype": "bf16", "mask": "permuted"}, "families": {"transposed": {"eager": {"passed": true, "max_abs": 0.004063248634338379, "lse_max_abs": 9.5367431640625e-07, "empty_lse_match": true, "empty_output_zero": true, "atol": 0.02, "rtol": 0.02}, "workspace_bytes": 842112, "complete_graph_us": [10.89087963104248, 10.844800472259521, 10.829440355300903], "mutated_graph": {"passed": true, "max_abs": 0.007599830627441406, "lse_max_abs": 2.86102294921875e-06, "empty_lse_match": true, "empty_output_zero": true, "atol": 0.02, "rtol": 0.02}}, "natural": {"eager": {"passed": true, "max_abs": 0.004063248634338379, "lse_max_abs": 9.5367431640625e-07, "empty_lse_match": true, "empty_output_zero": true, "atol": 0.02, "rtol": 0.02}, "workspace_bytes": 1188864, "complete_graph_us": [25.085439682006836, 25.0380802154541, 25.027201175689697], "mutated_graph": {"passed": true, "max_abs": 0.007599830627441406, "lse_max_abs": 2.86102294921875e-06, "empty_lse_match": true, "empty_output_zero": true, "atol": 0.02, "rtol": 0.02}}}, "passed": true}, {"case": {"batch": 1, "m": 17, "n": 448, "hq": 16, "g": 8, "splits": 6, "d": 128, "dtype": "bf16", "mask": "noncausal"}, "families": {"transposed": {"eager": {"passed": true, "max_abs": 0.000965416431427002, "lse_max_abs": 9.5367431640625e-07, "empty_lse_match": true, "empty_output_zero": true, "atol": 0.02, "rtol": 0.02}, "workspace_bytes": 842112, "complete_graph_us": [10.437120199203491, 10.386559963226318, 10.36736011505127], "mutated_graph": {"passed": true, "max_abs": 0.007503509521484375, "lse_max_abs": 2.86102294921875e-06, "empty_lse_match": true, "empty_output_zero": true, "atol": 0.02, "rtol": 0.02}}, "natural": {"eager": {"passed": true, "max_abs": 0.000965416431427002, "lse_max_abs": 4.76837158203125e-07, "empty_lse_match": true, "empty_output_zero": true, "atol": 0.02, "rtol": 0.02}, "workspace_bytes": 1188864, "complete_graph_us": [20.03200054168701, 19.996800422668457, 19.994879961013794], "mutated_graph": {"passed": true, "max_abs": 0.007503509521484375, "lse_max_abs": 2.86102294921875e-06, "empty_lse_match": true, "empty_output_zero": true, "atol": 0.02, "rtol": 0.02}}}, "passed": true}, {"case": {"batch": 2, "m": 9, "n": 320, "hq": 16, "g": 4, "splits": 5, "d": 128, "dtype": "bf16", "mask": "append"}, "families": {"transposed": {"eager": {"passed": true, "max_abs": 0.0011676549911499023, "lse_max_abs": 9.5367431640625e-07, "empty_lse_match": true, "empty_output_zero": true, "atol": 0.02, "rtol": 0.02}, "workspace_bytes": 1486080, "complete_graph_us": [9.615359902381897, 9.535359740257263, 9.534080028533936], "mutated_graph": {"passed": true, "max_abs": 0.007744789123535156, "lse_max_abs": 2.86102294921875e-06, "empty_lse_match": true, "empty_output_zero": true, "atol": 0.02, "rtol": 0.02}}, "natural": {"eager": {"passed": true, "max_abs": 0.0011676549911499023, "lse_max_abs": 9.5367431640625e-07, "empty_lse_match": true, "empty_output_zero": true, "atol": 0.02, "rtol": 0.02}, "workspace_bytes": 1320960, "complete_graph_us": [20.26240110397339, 20.227839946746826, 20.222721099853516], "mutated_graph": {
"passed": true, "max_abs": 0.007744789123535156, "lse_max_abs": 2.86102294921875e-06, "empty_lse_match": true, "empty_output_zero": true, "atol": 0.02, "rtol": 0.02}}}, "passed": true}, {"case": {"batch": 2, "m": 9, "n": 320, "hq": 16, "g": 4, "splits": 5, "d": 128, "dtype": "bf16", "mask": "permuted"}, "families": {"transposed": {"eager": {"passed": true, "max_abs": 0.002440810203552246, "lse_max_abs": 9.5367431640625e-07, "empty_lse_match": true, "empty_output_zero": true, "atol": 0.02, "rtol": 0.02}, "workspace_bytes": 1486080, "complete_graph_us": [9.616640210151672, 9.571200013160706, 9.55456018447876], "mutated_graph": {"passed": true, "max_abs": 0.007745265960693359, "lse_max_abs": 2.86102294921875e-06, "empty_lse_match": true, "empty_output_zero": true, "atol": 0.02, "rtol": 0.02}}, "natural": {"eager": {"passed": true, "max_abs": 0.002440810203552246, "lse_max_abs": 4.76837158203125e-07, "empty_lse_match": true, "empty_output_zero": true, "atol": 0.02, "rtol": 0.02}, "workspace_bytes": 1320960, "complete_graph_us": [20.41856050491333, 20.35007953643799, 20.342400074005127], "mutated_graph": {"passed": true, "max_abs": 0.007745265960693359, "lse_max_abs": 2.86102294921875e-06, "empty_lse_match": true, "empty_output_zero": true, "atol": 0.02, "rtol": 0.02}}}, "passed": true}, {"case": {"batch": 2, "m": 9, "n": 320, "hq": 16, "g": 4, "splits": 5, "d": 128, "dtype": "bf16", "mask": "noncausal"}, "families": {"transposed": {"eager": {"passed": true, "max_abs": 0.001275181770324707, "lse_max_abs": 9.5367431640625e-07, "empty_lse_match": true, "empty_output_zero": true, "atol": 0.02, "rtol": 0.02}, "workspace_bytes": 1486080, "complete_graph_us": [9.171199798583984, 9.100800156593323, 9.092479944229126], "mutated_graph": {"passed": true, "max_abs": 0.007756710052490234, "lse_max_abs": 2.86102294921875e-06, "empty_lse_match": true, "empty_output_zero": true, "atol": 0.02, "rtol": 0.02}}, "natural": {"eager": {"passed": true, "max_abs": 0.001275181770324707, "lse_max_abs": 9.5367431640625e-07, "empty_lse_match": true, "empty_output_zero": true, "atol": 0.02, "rtol": 0.02}, "workspace_bytes": 1320960, "complete_graph_us": [17.712639570236206, 17.619199752807617, 17.622400522232056], "mutated_graph": {"passed": true, "max_abs": 0.007756710052490234, "lse_max_abs": 2.86102294921875e-06, "empty_lse_match": true, "empty_output_zero": true, "atol": 0.02, "rtol": 0.02}}}, "passed": true}, {"case": {"batch": 1, "m": 32, "n": 4096, "hq": 16, "g": 8, "splits": 24, "d": 128, "dtype": "bf16", "mask": "append"}, "families": {"transposed": {"eager": {"passed": true, "max_abs": 0.00030031055212020874, "lse_max_abs": 9.5367431640625e-07, "empty_lse_match": true, "empty_output_zero": true, "atol": 0.02, "rtol": 0.02}, "workspace_bytes": 6340608, "complete_graph_us": [28.16512107849121, 28.137600421905518, 28.09664011001587], "mutated_graph": {"passed": true, "max_abs": 0.0077512264251708984, "lse_max_abs": 3.814697265625e-06, "empty_lse_match": true, "empty_output_zero": true, "atol": 0.02, "rtol": 0.02}}, "natural": {"eager": {"passed": true, "max_abs": 0.00032445043325424194, "lse_max_abs": 9.5367431640625e-07, "empty_lse_match": true, "empty_output_zero": true, "atol": 0.02, "rtol": 0.02}, "workspace_bytes": 6340608, "complete_graph_us": [34.683520793914795, 34.654719829559326, 34.63551998138428], "mutated_graph": {"passed": true, "max_abs": 0.0077512264251708984, "lse_max_abs": 3.814697265625e-06, "empty_lse_match": true, "empty_output_zero": true, "atol": 0.02, "rtol": 0.02}}}, "passed": true}, {"case": {"batch": 1, "m": 32, "n": 4096, "hq": 16, "g": 8, "splits": 24, "d": 128, "dtype": "bf16", "mask": "permuted"}, "families": {"transposed": {"eager": {"passed": true, "max_abs": 0.0023412704467773438, "lse_max_abs": 9.5367431640625e-07, "empty_lse_match": true, "empty_output_zero": true, "atol": 0.02, "rtol": 0.02}, "workspace_bytes": 6340608, "complete_graph_us": [28.166399002075195, 28.08192014694214, 28.069119453430176], "mutated_graph": {"passed": true, "max_abs": 0.0075778961181640625, "lse_max_abs": 3.814697265625e-06, "empty_lse_match": true, "empty_output_zero": true, "atol": 0.02, "rtol": 0.02}}, "natural": {"eager": {"passed": true, "max_abs": 0.0023412704467773438, "lse_max_abs": 9.5367431640625e-07, "empty_lse_match": true, "empty_output_zero": true, "atol": 0.02, "rtol": 0.02}, "workspace_bytes": 6340608, "complete_graph_us": [34.459519386291504, 34.379520416259766, 34.34943914413452], "mutated_graph": {"passed": true, "max_abs": 0.0075778961181640625, "lse_max_abs": 3.814697265625e-06, "empty_lse_match": true, "empty_output_zero": true, "atol": 0.02, "rtol": 0.02}}}, "passed": true}, {"case": {"batch": 1, "m": 32, "n": 4096, "hq": 16, "g": 8, "splits": 24, "d": 128, "dtype": "bf16", "mask": "noncausal"}, "families": {"transposed": {"eager": {"passed": true, "max_abs": 0.0003081783652305603, "lse_max_abs": 9.5367431640625e-07, "empty_lse_match": true, "empty_output_zero": true, "atol": 0.02, "rtol": 0.02}, "workspace_bytes": 6340608, "complete_graph_us": [27.19615936279297, 27.126400470733643, 27.173759937286377], "mutated_graph": {"passed": true, "max_abs": 0.007519721984863281, "lse_max_abs": 2.86102294921875e-06, "empty_lse_match": true, "empty_output_zero": true, "atol": 0.02, "rtol": 0.02}}, "natural": {"eager": {"passed": true, "max_abs": 0.0003078356385231018, "lse_max_abs": 9.5367431640625e-07, "empty_lse_match": true, "empty_output_zero": true, "atol": 0.02, "rtol": 0.02}, "workspace_bytes": 6340608, "complete_graph_us": [26.970880031585693, 26.952319145202637, 26.913280487060547], "mutated_graph": {"passed": true, "max_abs": 0.007519721984863281, "lse_max_abs": 3.814697265625e-06, "empty_lse_match": true, "empty_output_zero": true, "atol": 0.02, "rtol": 0.02}}}, "passed": true}, {"case": {"batch": 1, "m": 64, "n": 4096, "hq": 16, "g": 8, "splits": 16, "d": 128, "dtype": "bf16", "mask": "append"}, "families": {"transposed": {"eager": {"passed": true, "max_abs": 0.00033329427242279053, "lse_max_abs": 9.5367431640625e-07, "empty_lse_match": true, "empty_output_zero": true, "atol": 0.02, "rtol": 0.02}, "workspace_bytes": 8454144, "complete_graph_us": [46.0422420501709, 45.948801040649414, 45.95839977264404], "mutated_graph": {"passed": true, "max_abs": 0.007732868194580078, "lse_max_abs": 3.814697265625e-06, "empty_lse_match": true, "empty_output_zero": true, "atol": 0.02, "rtol": 0.02}}, "natural": {"eager": {"passed": true, "max_abs": 0.00033329427242279053, "lse_max_abs": 9.5367431640625e-07, "empty_lse_match": true, "empty_output_zero": true, "atol": 0.02, "rtol": 0.02}, "workspace_bytes": 8454144, "complete_graph_us": [42.93504238128662, 42.91135787963867, 42.87936210632324], "mutated_graph": {"passed": true, "max_abs": 0.007732868194580078, "lse_max_abs": 3.814697265625e-06, "empty_lse_match": true, "empty_output_zero": true, "atol": 0.02, "rtol": 0.02}}}, "passed": true}, {"case": {"batch": 1, "m": 64, "n": 4096, "hq": 16, "g": 8, "splits": 16, "d": 128, "dtype": "bf16", "mask": "permuted"}, "families": {"transposed": {"eager": {"passed": true, "max_abs": 0.002356231212615967, "lse_max_abs": 9.5367431640625e-07, "empty_lse_match": true, "empty_output_zero": true, "atol": 0.02, "rtol": 0.02}, "workspace_bytes": 8454144, "complete_graph_us": [46.07872009277344, 46.014719009399414, 46.04288101196289], "mutated_graph": {"passed": true, "max_abs": 0.007453203201293945, "lse_max_abs": 3.814697265625e-06, "empty_lse_match": true, "empty_output_zero": true, "atol": 0.02, "rtol": 0.02}}, "natural": {"eager": {"passed": true, "max_abs": 0.002356231212615967, "lse_max_abs": 9.5367431640625e-07, "empty_lse_match": true, "empty_output_zero": true, "atol": 0.02, "rtol": 0.02}, "workspace_bytes": 8454144, "complete_graph_us": [43.011841773986816, 42.97408103942871, 42.94464111328125], "mutated_graph": {"passed": true, "max_abs": 0.007453203201293945, "lse_max_abs": 3.814697265625e-06, "empty_lse_match": true, "empty_output_zero": true, "atol": 0.02, "rtol": 0.02}}}, "passed": true}, {"case": {"batch": 1, "m": 64, "n": 4096, "hq": 16, "g": 8, "splits": 16, "d": 128, "dtype": "bf16", "mask": "noncausal"}, "families": {"transposed": {"eager": {"passed": true, "max_abs": 0.0004347860813140869, "lse_max_abs": 9.5367431640625e-07, "empty_lse_match": true, "empty_output_zero": true, "atol": 0.02, "rtol": 0.02}, "workspace_bytes": 8454144, "complete_graph_us": [44.43647861480713, 44.40703868865967, 44.38784122467041], "mutated_graph": {"passed": true, "max_abs": 0.00752568244934082, "lse_max_abs": 4.76837158203125e-06, "empty_lse_match": true, "empty_output_zero": true, "atol": 0.02, "rtol": 0.02}}, "natural": {"eager": {"passed": true, "max_abs": 0.0004347860813140869, "lse_max_abs": 9.5367431640625e-07, "empty_lse_match": true, "empty_output_zero": true, "atol": 0.02, "rtol": 0.02}, "workspace_bytes": 8454144, "complete_graph_us": [31.006081104278564, 30.982398986816406, 30.965120792388916], "mutated_graph": {"passed": true, "max_abs": 0.00752568244934082, "lse_max_abs": 4.76837158203125e-06, "empty_lse_match": true, "empty_output_zero": true, "atol": 0.02, "rtol": 0.02}}}, "passed": true}, {"case": {"batch": 2, "m": 8, "n": 16384, "hq": 32, "g": 4, "splits": 32, "d": 128, "dtype": "bf16", "mask": "append"}, "families": {"transposed": {"eager": {"passed": true, "max_abs": 0.00017317011952400208, "lse_max_abs": 9.5367431640625e-07, "empty_lse_match": true, "empty_output_zero": true, "atol": 0.02, "rtol": 0.02}, "workspace_bytes": 16908288, "complete_graph_us": [207.6972770690918, 208.0735969543457, 206.99520111083984], "mutated_graph": {"passed": true, "max_abs": 0.007638454437255859, "lse_max_abs": 3.814697265625e-06, "empty_lse_match": true, "empty_output_zero": true, "atol": 0.02, "rtol": 0.02}}, "natural": {"eager": {"passed": true, "max_abs": 0.00017317011952400208, "lse_max_abs": 9.5367431640625e-07, "empty_lse_match": true, "empty_output_zero": true, "atol": 0.02, "rtol": 0.02}, "workspace_bytes": 16908288, "complete_graph_us": [153.46688270568848, 153.60960006713867, 153.54687690734863], "mutated_graph": {"passed": true, "max_abs": 0.007638454437255859, "lse_max_abs": 3.814697265625e-06, "empty_lse_match": true, "empty_output_zero": true, "atol": 0.02, "rtol": 0.02}}}, "passed": true}, {"case": {"batch": 2, "m": 8, "n": 16384, "hq": 32, "g": 4, "splits": 32, "d": 128, "dtype": "bf16", "mask": "permuted"}, "families": {"transposed": {"eager": {"passed": true, "max_abs": 0.002315044403076172, "lse_max_abs": 9.5367431640625e-07, "empty_lse_match": true, "empty_output_zero": true, "atol": 0.02, "rtol": 0.02}, "workspace_bytes": 16908288, "complete_graph_us": [210.06847381591797, 207.75039672851562, 208.56000900268555], "mutated_graph": {"passed": true, "max_abs": 0.007588863372802734, "lse_max_abs": 5.7220458984375e-06, "empty_lse_match": true, "empty_output_zero": true, "atol": 0.02, "rtol": 0.02}}, "natural": {"eager": {"passed": true, "max_abs": 0.002315044403076172, "lse_max_abs": 9.5367431640625e-07, "empty_lse_match": true, "empty_output_zero": true, "atol": 0.02, "rtol": 0.02}, "workspace_bytes": 16908288, "complete_graph_us": [154.30015563964844, 154.1164779663086, 154.10176277160645], "mutated_graph": {"passed": true, "max_abs": 0.007588863372802734, "lse_max_abs": 5.7220458984375e-06, "empty_lse_match": true, "empty_output_zero": true, "atol": 0.02, "rtol": 0.02}}}, "passed": true}, {"case": {"batch": 2, "m": 8, "n": 16384, "hq": 32, "g": 4, "splits": 32, "d": 128, "dtype": "bf16", "mask": "noncausal"}, "families": {"transposed": {"eager": {"passed": true, "max_abs": 0.00017317011952400208, "lse_max_abs": 9.5367431640625e-07, "empty_lse_match": true, "empty_output_zero": true, "atol": 0.02, "rtol": 0.02}, "workspace_bytes": 16908288, "complete_graph_us": [228.08639526367188, 227.80672073364258, 227.70368576049805], "mutated_graph": {"passed": true, "max_abs": 0.007638454437255859, "lse_max_abs": 3.814697265625e-06, "empty_lse_match": true, "empty_output_zero": true, "atol": 0.02, "rtol": 0.02}}, "natural": {"eager": {"passed": true, "max_abs": 0.00017317011952400208, "lse_max_abs": 9.5367431640625e-07, "empty_lse_match": true, "empty_output_zero": true, "atol": 0.02, "rtol": 0.02}, "workspace_bytes": 16908288, "complete_graph_us": [95.73184013366699, 95.88288307189941, 95.5014419555664], "mutated_graph": {"passed": true, "max_abs": 0.007638454437255859, "lse_max_abs": 3.814697265625e-06, "empty_lse_match": true, "empty_output_zero": true, "atol": 0.02, "rtol": 0.02}}}, "passed": true}], "source_sha256": {"stream_attention/backends/sm90/micro_prefill.py": "0728d779ff6604d91293f744f0cbfb1a8d61594851db7f964302e7cf232c5dcf", "stream_attention/backends/sm90/micro_prefill_semantics.py": "230f36c06110befb4d2b012c224f8712ec068492c993967dcd8f7f0bd9d5ae0e", "stream_attention/backends/sm90/micro_prefill_semantics_sources.py": "deb54cc90027b3fedc65cb2afb4c3ea5bd7a0bd4745308d58a10fecdd1feb04f", "stream_attention/backends/sm90/transposed_gqa_exact_sources.py": "318224b7c8f01edc81fcb8f27e575a81ea600aaf2ad526df1af1766b4b77681a", "benchmarks/profile_sm90_micro_prefill_semantics.py": "95574d4d1f40afea74c0ac3175555e49daaab55162f076ec912c808a7a7f77c2"}, "passed_cases": 84, "median_native_graph_us": {"transposed": 9.910400211811066, "natural": 20.194239616394043}}
